id,recovered
1,NA
2,NA
3,NA
4,NA
5,NA
6,NA
7,NA
8,NA
9,NA
10,NA
11,NA
12,NA
13,28
14,NA
15,NA
16,NA
17,NA
18,NA
19,NA
20,NA
21,NA
22,NA
23,NA
24,NA
25,NA
26,NA
27,NA
28,NA
29,NA
30,NA
31,NA
32,NA
33,NA
34,NA
35,NA
36,NA
37,NA
38,NA
39,NA
40,NA
41,NA
42,NA
43,NA
44,NA
45,NA
46,NA
47,NA
48,NA
49,NA
50,NA
51,NA
52,NA
53,NA
54,NA
55,NA
56,NA
57,NA
58,NA
59,NA
60,NA
61,NA
62,NA
63,NA
64,NA
65,NA
66,NA
67,NA
68,NA
69,NA
70,NA
71,NA
72,NA
73,NA
74,NA
75,NA
76,NA
77,NA
78,NA
79,NA
80,NA
81,NA
82,NA
83,NA
84,NA
85,NA
86,NA
87,NA
88,NA
89,NA
90,NA
91,NA
92,NA
93,NA
94,NA
95,NA
96,NA
97,NA
98,NA
99,NA
100,NA
101,NA
102,NA
103,NA
104,NA
105,NA
106,NA
107,NA
108,NA
109,NA
110,NA
111,NA
112,NA
113,NA
114,NA
115,NA
116,NA
117,NA
118,NA
119,NA
120,NA
121,NA
122,NA
123,NA
124,NA
125,NA
126,NA
127,NA
128,NA
129,NA
130,NA
131,NA
132,NA
133,NA
134,NA
135,NA
136,NA
137,NA
138,NA
139,NA
140,NA
141,NA
142,NA
143,NA
144,NA
145,NA
146,NA
147,NA
148,NA
149,NA
150,NA
151,NA
152,NA
153,NA
154,NA
155,NA
156,NA
157,NA
158,NA
159,NA
160,NA
161,NA
162,NA
163,NA
164,NA
165,NA
166,NA
167,NA
168,NA
169,NA
170,NA
171,NA
172,NA
173,NA
174,NA
175,NA
176,NA
177,NA
178,NA
179,NA
180,NA
181,NA
182,NA
183,NA
184,NA
185,NA
186,NA
187,NA
188,NA
189,NA
190,NA
191,NA
192,NA
193,NA
194,NA
195,NA
196,NA
197,NA
198,NA
199,NA
200,NA
201,NA
202,NA
203,NA
204,NA
205,NA
206,NA
207,NA
208,NA
209,NA
210,NA
211,NA
212,NA
213,NA
214,NA
215,NA
216,NA
217,NA
218,NA
219,NA
220,NA
221,NA
222,NA
223,NA
224,NA
225,NA
226,NA
227,NA
228,NA
229,NA
230,NA
231,2
232,NA
233,NA
234,NA
235,NA
236,NA
237,NA
238,28
239,NA
240,NA
241,NA
242,NA
243,NA
244,NA
245,NA
246,NA
247,NA
248,NA
249,NA
250,NA
251,NA
252,NA
253,NA
254,NA
255,NA
256,NA
257,NA
258,NA
259,NA
260,NA
261,NA
262,NA
263,NA
264,NA
265,NA
266,NA
267,NA
268,NA
269,NA
270,NA
271,NA
272,NA
273,NA
274,NA
275,NA
276,NA
277,NA
278,NA
279,NA
280,NA
281,NA
282,NA
283,NA
284,NA
285,NA
286,NA
287,NA
288,NA
289,NA
290,NA
291,NA
292,NA
293,NA
294,NA
295,NA
296,NA
297,NA
298,NA
299,NA
300,NA
301,NA
302,NA
303,NA
304,NA
305,NA
306,NA
307,NA
308,NA
309,NA
310,NA
311,NA
312,NA
313,NA
314,NA
315,NA
316,NA
317,NA
318,NA
319,NA
320,NA
321,NA
322,NA
323,NA
324,NA
325,NA
326,NA
327,NA
328,NA
329,NA
330,NA
331,NA
332,NA
333,NA
334,NA
335,NA
336,NA
337,NA
338,NA
339,NA
340,NA
341,NA
342,NA
343,NA
344,NA
345,NA
346,NA
347,NA
348,NA
349,NA
350,NA
351,NA
352,NA
353,NA
354,NA
355,NA
356,NA
357,NA
358,NA
359,NA
360,NA
361,NA
362,NA
363,NA
364,NA
365,NA
366,NA
367,NA
368,NA
369,NA
370,NA
371,NA
372,NA
373,NA
374,NA
375,NA
376,NA
377,NA
378,NA
379,NA
380,NA
381,NA
382,NA
383,NA
384,NA
385,NA
386,NA
387,NA
388,NA
389,NA
390,NA
391,NA
392,NA
393,NA
394,NA
395,NA
396,NA
397,NA
398,NA
399,NA
400,NA
401,NA
402,NA
403,NA
404,NA
405,NA
406,NA
407,NA
408,NA
409,NA
410,NA
411,NA
412,NA
413,NA
414,NA
415,NA
416,NA
417,NA
418,NA
419,NA
420,NA
421,NA
422,NA
423,NA
424,NA
425,NA
426,NA
427,NA
428,NA
429,NA
430,NA
431,NA
432,NA
433,NA
434,NA
435,NA
436,NA
437,NA
438,NA
439,NA
440,NA
441,NA
442,NA
443,NA
444,NA
445,NA
446,NA
447,NA
448,NA
449,NA
450,NA
451,NA
452,1
453,NA
454,NA
455,NA
456,2
457,NA
458,NA
459,NA
460,NA
461,NA
462,NA
463,31
464,NA
465,NA
466,NA
467,NA
468,NA
469,NA
470,NA
471,NA
472,NA
473,NA
474,1
475,NA
476,NA
477,NA
478,NA
479,NA
480,NA
481,1
482,NA
483,NA
484,NA
485,NA
486,NA
487,NA
488,NA
489,NA
490,NA
491,NA
492,NA
493,NA
494,NA
495,NA
496,NA
497,NA
498,NA
499,NA
500,NA
501,NA
502,NA
503,NA
504,NA
505,NA
506,NA
507,NA
508,NA
509,NA
510,NA
511,NA
512,NA
513,NA
514,NA
515,NA
516,NA
517,NA
518,NA
519,NA
520,NA
521,NA
522,NA
523,NA
524,NA
525,NA
526,NA
527,NA
528,NA
529,NA
530,NA
531,NA
532,NA
533,NA
534,NA
535,NA
536,NA
537,NA
538,NA
539,NA
540,NA
541,NA
542,NA
543,NA
544,NA
545,NA
546,NA
547,NA
548,NA
549,NA
550,NA
551,NA
552,NA
553,NA
554,NA
555,NA
556,NA
557,NA
558,NA
559,NA
560,NA
561,NA
562,NA
563,NA
564,NA
565,NA
566,NA
567,NA
568,NA
569,NA
570,NA
571,NA
572,NA
573,NA
574,NA
575,NA
576,NA
577,NA
578,NA
579,NA
580,NA
581,NA
582,NA
583,NA
584,NA
585,NA
586,NA
587,NA
588,NA
589,NA
590,NA
591,NA
592,NA
593,NA
594,NA
595,NA
596,NA
597,NA
598,NA
599,NA
600,NA
601,NA
602,NA
603,NA
604,NA
605,NA
606,NA
607,NA
608,NA
609,NA
610,NA
611,NA
612,NA
613,NA
614,NA
615,NA
616,NA
617,NA
618,NA
619,NA
620,NA
621,NA
622,NA
623,NA
624,NA
625,NA
626,NA
627,NA
628,NA
629,NA
630,NA
631,NA
632,NA
633,NA
634,NA
635,NA
636,NA
637,NA
638,NA
639,NA
640,NA
641,NA
642,NA
643,NA
644,NA
645,NA
646,NA
647,NA
648,NA
649,NA
650,NA
651,NA
652,NA
653,NA
654,NA
655,NA
656,NA
657,NA
658,NA
659,NA
660,NA
661,NA
662,NA
663,NA
664,NA
665,NA
666,NA
667,NA
668,NA
669,NA
670,NA
671,NA
672,NA
673,NA
674,NA
675,NA
676,NA
677,2
678,NA
679,NA
680,NA
681,2
682,NA
683,NA
684,NA
685,NA
686,NA
687,NA
688,32
689,NA
690,NA
691,1
692,NA
693,NA
694,NA
695,NA
696,NA
697,NA
698,NA
699,1
700,NA
701,NA
702,NA
703,NA
704,NA
705,NA
706,1
707,NA
708,NA
709,NA
710,NA
711,NA
712,NA
713,NA
714,NA
715,NA
716,NA
717,NA
718,NA
719,NA
720,NA
721,NA
722,NA
723,NA
724,NA
725,NA
726,NA
727,NA
728,NA
729,NA
730,NA
731,NA
732,NA
733,NA
734,NA
735,NA
736,NA
737,NA
738,NA
739,NA
740,NA
741,NA
742,NA
743,NA
744,NA
745,NA
746,NA
747,NA
748,NA
749,NA
750,NA
751,NA
752,NA
753,NA
754,NA
755,NA
756,NA
757,NA
758,NA
759,NA
760,NA
761,NA
762,NA
763,NA
764,NA
765,NA
766,NA
767,NA
768,NA
769,NA
770,NA
771,NA
772,NA
773,NA
774,NA
775,NA
776,NA
777,NA
778,NA
779,NA
780,NA
781,NA
782,NA
783,NA
784,NA
785,NA
786,NA
787,NA
788,NA
789,NA
790,NA
791,NA
792,NA
793,NA
794,NA
795,NA
796,NA
797,NA
798,NA
799,NA
800,NA
801,NA
802,NA
803,NA
804,NA
805,NA
806,NA
807,NA
808,NA
809,NA
810,NA
811,NA
812,NA
813,NA
814,NA
815,NA
816,NA
817,NA
818,NA
819,NA
820,NA
821,NA
822,NA
823,NA
824,NA
825,NA
826,NA
827,NA
828,NA
829,NA
830,NA
831,NA
832,NA
833,NA
834,NA
835,NA
836,NA
837,NA
838,NA
839,NA
840,NA
841,NA
842,NA
843,NA
844,NA
845,NA
846,NA
847,NA
848,NA
849,NA
850,NA
851,NA
852,NA
853,NA
854,NA
855,NA
856,NA
857,NA
858,NA
859,NA
860,NA
861,NA
862,NA
863,NA
864,NA
865,NA
866,NA
867,NA
868,NA
869,NA
870,NA
871,NA
872,NA
873,NA
874,NA
875,NA
876,NA
877,NA
878,NA
879,NA
880,NA
881,NA
882,NA
883,NA
884,NA
885,NA
886,NA
887,NA
888,NA
889,NA
890,NA
891,NA
892,NA
893,NA
894,NA
895,NA
896,NA
897,NA
898,NA
899,NA
900,NA
901,NA
902,2
903,NA
904,NA
905,NA
906,2
907,NA
908,NA
909,NA
910,NA
911,NA
912,NA
913,42
914,NA
915,NA
916,1
917,NA
918,NA
919,NA
920,NA
921,NA
922,NA
923,NA
924,1
925,NA
926,NA
927,NA
928,NA
929,NA
930,NA
931,1
932,2
933,1
934,NA
935,NA
936,NA
937,NA
938,NA
939,NA
940,NA
941,NA
942,NA
943,NA
944,NA
945,NA
946,NA
947,NA
948,NA
949,NA
950,NA
951,NA
952,NA
953,NA
954,NA
955,NA
956,NA
957,NA
958,NA
959,NA
960,NA
961,NA
962,NA
963,NA
964,NA
965,NA
966,NA
967,NA
968,NA
969,NA
970,NA
971,NA
972,NA
973,NA
974,NA
975,NA
976,NA
977,NA
978,NA
979,NA
980,NA
981,NA
982,NA
983,NA
984,NA
985,NA
986,NA
987,NA
988,NA
989,NA
990,NA
991,NA
992,NA
993,NA
994,NA
995,NA
996,NA
997,NA
998,NA
999,NA
1000,NA
1001,NA
1002,NA
1003,NA
1004,NA
1005,NA
1006,NA
1007,NA
1008,NA
1009,NA
1010,NA
1011,NA
1012,NA
1013,NA
1014,NA
1015,NA
1016,NA
1017,NA
1018,NA
1019,NA
1020,NA
1021,NA
1022,NA
1023,NA
1024,NA
1025,NA
1026,NA
1027,NA
1028,NA
1029,NA
1030,NA
1031,NA
1032,NA
1033,NA
1034,NA
1035,NA
1036,NA
1037,NA
1038,NA
1039,NA
1040,NA
1041,NA
1042,NA
1043,NA
1044,NA
1045,NA
1046,NA
1047,NA
1048,NA
1049,NA
1050,NA
1051,NA
1052,NA
1053,NA
1054,NA
1055,NA
1056,NA
1057,NA
1058,NA
1059,NA
1060,NA
1061,NA
1062,NA
1063,NA
1064,NA
1065,NA
1066,NA
1067,NA
1068,NA
1069,NA
1070,NA
1071,NA
1072,NA
1073,NA
1074,NA
1075,NA
1076,NA
1077,NA
1078,NA
1079,NA
1080,NA
1081,NA
1082,NA
1083,NA
1084,NA
1085,NA
1086,NA
1087,NA
1088,NA
1089,NA
1090,NA
1091,NA
1092,NA
1093,NA
1094,NA
1095,NA
1096,NA
1097,NA
1098,NA
1099,NA
1100,NA
1101,NA
1102,NA
1103,NA
1104,NA
1105,NA
1106,NA
1107,NA
1108,NA
1109,NA
1110,NA
1111,NA
1112,NA
1113,NA
1114,NA
1115,NA
1116,NA
1117,NA
1118,NA
1119,NA
1120,NA
1121,NA
1122,NA
1123,NA
1124,NA
1125,NA
1126,NA
1127,2
1128,NA
1129,NA
1130,NA
1131,4
1132,NA
1133,NA
1134,NA
1135,NA
1136,NA
1137,NA
1138,45
1139,NA
1140,NA
1141,1
1142,2
1143,NA
1144,NA
1145,NA
1146,NA
1147,NA
1148,NA
1149,3
1150,NA
1151,NA
1152,NA
1153,NA
1154,NA
1155,NA
1156,1
1157,2
1158,1
1159,NA
1160,NA
1161,NA
1162,NA
1163,NA
1164,NA
1165,NA
1166,NA
1167,NA
1168,NA
1169,NA
1170,NA
1171,NA
1172,NA
1173,NA
1174,NA
1175,NA
1176,NA
1177,NA
1178,NA
1179,NA
1180,NA
1181,NA
1182,NA
1183,NA
1184,NA
1185,NA
1186,NA
1187,NA
1188,NA
1189,NA
1190,NA
1191,NA
1192,NA
1193,NA
1194,NA
1195,NA
1196,NA
1197,NA
1198,NA
1199,NA
1200,NA
1201,NA
1202,NA
1203,NA
1204,NA
1205,NA
1206,NA
1207,NA
1208,NA
1209,NA
1210,NA
1211,NA
1212,NA
1213,NA
1214,NA
1215,NA
1216,NA
1217,NA
1218,NA
1219,NA
1220,NA
1221,NA
1222,NA
1223,NA
1224,NA
1225,NA
1226,NA
1227,NA
1228,NA
1229,NA
1230,NA
1231,NA
1232,NA
1233,NA
1234,NA
1235,NA
1236,NA
1237,NA
1238,NA
1239,NA
1240,NA
1241,NA
1242,NA
1243,NA
1244,NA
1245,NA
1246,NA
1247,NA
1248,NA
1249,NA
1250,NA
1251,NA
1252,NA
1253,NA
1254,NA
1255,NA
1256,NA
1257,NA
1258,NA
1259,NA
1260,NA
1261,NA
1262,NA
1263,NA
1264,NA
1265,NA
1266,NA
1267,NA
1268,NA
1269,NA
1270,NA
1271,NA
1272,NA
1273,NA
1274,NA
1275,NA
1276,NA
1277,NA
1278,NA
1279,NA
1280,NA
1281,NA
1282,NA
1283,NA
1284,NA
1285,NA
1286,NA
1287,NA
1288,NA
1289,NA
1290,NA
1291,NA
1292,NA
1293,NA
1294,NA
1295,NA
1296,NA
1297,NA
1298,NA
1299,NA
1300,NA
1301,NA
1302,NA
1303,NA
1304,NA
1305,NA
1306,NA
1307,NA
1308,NA
1309,NA
1310,NA
1311,NA
1312,NA
1313,NA
1314,NA
1315,NA
1316,NA
1317,NA
1318,NA
1319,NA
1320,NA
1321,NA
1322,NA
1323,NA
1324,NA
1325,NA
1326,NA
1327,NA
1328,NA
1329,NA
1330,NA
1331,NA
1332,NA
1333,NA
1334,NA
1335,NA
1336,NA
1337,NA
1338,NA
1339,NA
1340,NA
1341,NA
1342,NA
1343,NA
1344,NA
1345,NA
1346,NA
1347,NA
1348,NA
1349,NA
1350,NA
1351,NA
1352,4
1353,NA
1354,NA
1355,NA
1356,4
1357,2
1358,NA
1359,NA
1360,NA
1361,NA
1362,NA
1363,80
1364,NA
1365,NA
1366,1
1367,3
1368,NA
1369,NA
1370,NA
1371,NA
1372,NA
1373,NA
1374,4
1375,NA
1376,NA
1377,NA
1378,NA
1379,NA
1380,NA
1381,3
1382,5
1383,1
1384,NA
1385,NA
1386,NA
1387,NA
1388,NA
1389,NA
1390,NA
1391,NA
1392,NA
1393,NA
1394,NA
1395,NA
1396,NA
1397,NA
1398,NA
1399,NA
1400,NA
1401,NA
1402,NA
1403,NA
1404,NA
1405,NA
1406,NA
1407,NA
1408,NA
1409,NA
1410,NA
1411,NA
1412,NA
1413,NA
1414,NA
1415,NA
1416,NA
1417,NA
1418,NA
1419,NA
1420,NA
1421,NA
1422,NA
1423,NA
1424,NA
1425,NA
1426,NA
1427,NA
1428,NA
1429,NA
1430,NA
1431,NA
1432,NA
1433,NA
1434,NA
1435,NA
1436,NA
1437,NA
1438,NA
1439,NA
1440,NA
1441,NA
1442,NA
1443,NA
1444,NA
1445,NA
1446,NA
1447,NA
1448,NA
1449,NA
1450,NA
1451,NA
1452,NA
1453,NA
1454,NA
1455,NA
1456,NA
1457,NA
1458,NA
1459,NA
1460,NA
1461,NA
1462,NA
1463,NA
1464,NA
1465,NA
1466,NA
1467,NA
1468,NA
1469,NA
1470,NA
1471,NA
1472,NA
1473,NA
1474,NA
1475,NA
1476,NA
1477,NA
1478,NA
1479,NA
1480,NA
1481,NA
1482,NA
1483,NA
1484,NA
1485,NA
1486,NA
1487,NA
1488,NA
1489,NA
1490,NA
1491,NA
1492,NA
1493,NA
1494,NA
1495,NA
1496,NA
1497,NA
1498,NA
1499,NA
1500,NA
1501,NA
1502,NA
1503,NA
1504,NA
1505,NA
1506,NA
1507,NA
1508,NA
1509,NA
1510,NA
1511,NA
1512,NA
1513,NA
1514,NA
1515,NA
1516,NA
1517,NA
1518,NA
1519,NA
1520,NA
1521,NA
1522,NA
1523,NA
1524,NA
1525,NA
1526,NA
1527,NA
1528,NA
1529,NA
1530,NA
1531,NA
1532,NA
1533,NA
1534,NA
1535,NA
1536,NA
1537,NA
1538,NA
1539,NA
1540,NA
1541,NA
1542,NA
1543,NA
1544,NA
1545,NA
1546,NA
1547,NA
1548,NA
1549,NA
1550,NA
1551,NA
1552,NA
1553,NA
1554,NA
1555,NA
1556,NA
1557,NA
1558,NA
1559,NA
1560,NA
1561,NA
1562,NA
1563,NA
1564,NA
1565,NA
1566,NA
1567,NA
1568,NA
1569,NA
1570,NA
1571,NA
1572,NA
1573,NA
1574,NA
1575,NA
1576,2
1577,4
1578,1
1579,NA
1580,NA
1581,5
1582,2
1583,1
1584,NA
1585,NA
1586,NA
1587,1
1588,88
1589,NA
1590,NA
1591,1
1592,3
1593,NA
1594,1
1595,NA
1596,NA
1597,NA
1598,1
1599,5
1600,1
1601,1
1602,NA
1603,NA
1604,NA
1605,NA
1606,3
1607,5
1608,1
1609,NA
1610,NA
1611,NA
1612,NA
1613,NA
1614,NA
1615,NA
1616,NA
1617,NA
1618,NA
1619,NA
1620,NA
1621,NA
1622,NA
1623,NA
1624,NA
1625,NA
1626,NA
1627,NA
1628,NA
1629,NA
1630,NA
1631,NA
1632,NA
1633,NA
1634,NA
1635,NA
1636,NA
1637,NA
1638,NA
1639,NA
1640,NA
1641,NA
1642,NA
1643,NA
1644,NA
1645,NA
1646,NA
1647,NA
1648,NA
1649,NA
1650,NA
1651,NA
1652,NA
1653,NA
1654,NA
1655,NA
1656,NA
1657,NA
1658,NA
1659,NA
1660,NA
1661,NA
1662,NA
1663,NA
1664,NA
1665,NA
1666,NA
1667,NA
1668,NA
1669,NA
1670,NA
1671,NA
1672,NA
1673,NA
1674,NA
1675,NA
1676,NA
1677,NA
1678,NA
1679,NA
1680,NA
1681,NA
1682,NA
1683,NA
1684,NA
1685,NA
1686,NA
1687,NA
1688,NA
1689,NA
1690,NA
1691,NA
1692,NA
1693,NA
1694,NA
1695,NA
1696,NA
1697,NA
1698,NA
1699,NA
1700,NA
1701,NA
1702,NA
1703,NA
1704,NA
1705,NA
1706,NA
1707,NA
1708,NA
1709,NA
1710,NA
1711,NA
1712,NA
1713,NA
1714,NA
1715,NA
1716,NA
1717,NA
1718,NA
1719,NA
1720,NA
1721,NA
1722,NA
1723,NA
1724,NA
1725,NA
1726,NA
1727,NA
1728,NA
1729,NA
1730,NA
1731,NA
1732,NA
1733,NA
1734,NA
1735,NA
1736,NA
1737,NA
1738,NA
1739,NA
1740,NA
1741,NA
1742,NA
1743,NA
1744,NA
1745,NA
1746,NA
1747,NA
1748,NA
1749,NA
1750,NA
1751,NA
1752,NA
1753,NA
1754,NA
1755,NA
1756,NA
1757,NA
1758,NA
1759,NA
1760,NA
1761,NA
1762,NA
1763,NA
1764,NA
1765,NA
1766,NA
1767,NA
1768,NA
1769,NA
1770,NA
1771,NA
1772,NA
1773,NA
1774,NA
1775,NA
1776,NA
1777,NA
1778,NA
1779,NA
1780,NA
1781,NA
1782,NA
1783,NA
1784,NA
1785,NA
1786,NA
1787,NA
1788,NA
1789,NA
1790,NA
1791,NA
1792,NA
1793,NA
1794,NA
1795,NA
1796,NA
1797,NA
1798,NA
1799,NA
1800,NA
1801,2
1802,4
1803,1
1804,NA
1805,NA
1806,10
1807,2
1808,1
1809,1
1810,NA
1811,NA
1812,2
1813,90
1814,2
1815,NA
1816,1
1817,5
1818,1
1819,1
1820,NA
1821,NA
1822,NA
1823,1
1824,5
1825,1
1826,1
1827,NA
1828,NA
1829,NA
1830,NA
1831,4
1832,5
1833,1
1834,NA
1835,NA
1836,NA
1837,NA
1838,NA
1839,NA
1840,NA
1841,NA
1842,NA
1843,NA
1844,NA
1845,NA
1846,NA
1847,NA
1848,2
1849,NA
1850,NA
1851,NA
1852,NA
1853,NA
1854,NA
1855,NA
1856,NA
1857,NA
1858,NA
1859,NA
1860,NA
1861,NA
1862,NA
1863,NA
1864,NA
1865,NA
1866,NA
1867,NA
1868,NA
1869,NA
1870,NA
1871,NA
1872,NA
1873,NA
1874,NA
1875,NA
1876,NA
1877,NA
1878,NA
1879,NA
1880,NA
1881,NA
1882,NA
1883,NA
1884,NA
1885,NA
1886,NA
1887,NA
1888,NA
1889,NA
1890,NA
1891,NA
1892,NA
1893,NA
1894,NA
1895,NA
1896,NA
1897,NA
1898,NA
1899,NA
1900,NA
1901,NA
1902,NA
1903,NA
1904,NA
1905,NA
1906,NA
1907,NA
1908,NA
1909,NA
1910,NA
1911,NA
1912,NA
1913,NA
1914,NA
1915,NA
1916,NA
1917,NA
1918,NA
1919,NA
1920,NA
1921,NA
1922,NA
1923,NA
1924,NA
1925,NA
1926,NA
1927,NA
1928,NA
1929,NA
1930,NA
1931,NA
1932,NA
1933,NA
1934,NA
1935,NA
1936,NA
1937,NA
1938,NA
1939,NA
1940,NA
1941,NA
1942,NA
1943,NA
1944,NA
1945,NA
1946,NA
1947,NA
1948,NA
1949,NA
1950,NA
1951,NA
1952,NA
1953,NA
1954,NA
1955,NA
1956,NA
1957,NA
1958,NA
1959,NA
1960,NA
1961,NA
1962,NA
1963,NA
1964,NA
1965,NA
1966,NA
1967,NA
1968,NA
1969,NA
1970,NA
1971,NA
1972,NA
1973,NA
1974,NA
1975,NA
1976,NA
1977,NA
1978,NA
1979,NA
1980,NA
1981,NA
1982,NA
1983,NA
1984,NA
1985,NA
1986,NA
1987,NA
1988,NA
1989,NA
1990,NA
1991,NA
1992,NA
1993,NA
1994,NA
1995,NA
1996,NA
1997,NA
1998,NA
1999,NA
2000,NA
2001,NA
2002,NA
2003,NA
2004,NA
2005,NA
2006,NA
2007,NA
2008,NA
2009,NA
2010,NA
2011,NA
2012,NA
2013,NA
2014,NA
2015,NA
2016,NA
2017,NA
2018,NA
2019,NA
2020,NA
2021,NA
2022,NA
2023,NA
2024,NA
2025,NA
2026,3
2027,5
2028,1
2029,NA
2030,NA
2031,11
2032,2
2033,2
2034,1
2035,NA
2036,NA
2037,3
2038,141
2039,2
2040,1
2041,5
2042,7
2043,1
2044,1
2045,NA
2046,NA
2047,NA
2048,2
2049,9
2050,1
2051,1
2052,NA
2053,NA
2054,NA
2055,1
2056,14
2057,5
2058,1
2059,NA
2060,NA
2061,NA
2062,NA
2063,NA
2064,NA
2065,NA
2066,NA
2067,NA
2068,NA
2069,NA
2070,NA
2071,NA
2072,NA
2073,2
2074,NA
2075,NA
2076,NA
2077,NA
2078,NA
2079,NA
2080,NA
2081,NA
2082,NA
2083,NA
2084,NA
2085,NA
2086,NA
2087,NA
2088,NA
2089,NA
2090,NA
2091,NA
2092,NA
2093,NA
2094,NA
2095,NA
2096,NA
2097,NA
2098,NA
2099,NA
2100,NA
2101,NA
2102,NA
2103,NA
2104,NA
2105,NA
2106,NA
2107,NA
2108,NA
2109,NA
2110,NA
2111,NA
2112,NA
2113,NA
2114,NA
2115,NA
2116,NA
2117,NA
2118,NA
2119,NA
2120,NA
2121,NA
2122,NA
2123,NA
2124,NA
2125,NA
2126,NA
2127,NA
2128,NA
2129,NA
2130,NA
2131,NA
2132,NA
2133,NA
2134,NA
2135,NA
2136,NA
2137,NA
2138,NA
2139,NA
2140,NA
2141,NA
2142,NA
2143,NA
2144,NA
2145,NA
2146,NA
2147,NA
2148,NA
2149,NA
2150,NA
2151,NA
2152,NA
2153,NA
2154,NA
2155,NA
2156,NA
2157,NA
2158,NA
2159,NA
2160,NA
2161,NA
2162,NA
2163,NA
2164,NA
2165,NA
2166,NA
2167,NA
2168,NA
2169,NA
2170,NA
2171,NA
2172,NA
2173,NA
2174,NA
2175,NA
2176,NA
2177,NA
2178,NA
2179,NA
2180,NA
2181,NA
2182,NA
2183,NA
2184,NA
2185,NA
2186,NA
2187,NA
2188,NA
2189,NA
2190,NA
2191,NA
2192,NA
2193,NA
2194,NA
2195,NA
2196,NA
2197,NA
2198,NA
2199,NA
2200,NA
2201,NA
2202,NA
2203,NA
2204,NA
2205,NA
2206,NA
2207,NA
2208,NA
2209,NA
2210,NA
2211,NA
2212,NA
2213,NA
2214,NA
2215,NA
2216,NA
2217,NA
2218,NA
2219,NA
2220,NA
2221,NA
2222,NA
2223,NA
2224,NA
2225,NA
2226,NA
2227,NA
2228,NA
2229,NA
2230,NA
2231,NA
2232,NA
2233,NA
2234,NA
2235,NA
2236,NA
2237,NA
2238,NA
2239,NA
2240,NA
2241,NA
2242,NA
2243,NA
2244,NA
2245,NA
2246,NA
2247,NA
2248,NA
2249,NA
2250,NA
2251,5
2252,9
2253,3
2254,NA
2255,NA
2256,14
2257,2
2258,2
2259,1
2260,NA
2261,2
2262,3
2263,168
2264,8
2265,1
2266,6
2267,9
2268,1
2269,1
2270,NA
2271,NA
2272,NA
2273,3
2274,10
2275,1
2276,3
2277,NA
2278,NA
2279,NA
2280,2
2281,21
2282,5
2283,1
2284,NA
2285,NA
2286,NA
2287,NA
2288,NA
2289,NA
2290,NA
2291,1
2292,NA
2293,NA
2294,NA
2295,NA
2296,NA
2297,NA
2298,2
2299,NA
2300,NA
2301,NA
2302,NA
2303,NA
2304,NA
2305,NA
2306,NA
2307,NA
2308,NA
2309,NA
2310,NA
2311,NA
2312,NA
2313,NA
2314,NA
2315,NA
2316,NA
2317,NA
2318,NA
2319,NA
2320,NA
2321,NA
2322,NA
2323,NA
2324,NA
2325,NA
2326,NA
2327,NA
2328,NA
2329,NA
2330,NA
2331,NA
2332,NA
2333,NA
2334,NA
2335,NA
2336,NA
2337,NA
2338,NA
2339,NA
2340,NA
2341,NA
2342,NA
2343,NA
2344,NA
2345,NA
2346,NA
2347,NA
2348,NA
2349,NA
2350,NA
2351,NA
2352,NA
2353,NA
2354,NA
2355,NA
2356,NA
2357,NA
2358,NA
2359,NA
2360,NA
2361,NA
2362,NA
2363,NA
2364,NA
2365,NA
2366,NA
2367,NA
2368,NA
2369,NA
2370,NA
2371,NA
2372,NA
2373,NA
2374,NA
2375,NA
2376,NA
2377,NA
2378,NA
2379,NA
2380,NA
2381,NA
2382,NA
2383,NA
2384,NA
2385,NA
2386,NA
2387,NA
2388,NA
2389,NA
2390,NA
2391,NA
2392,NA
2393,NA
2394,NA
2395,NA
2396,NA
2397,NA
2398,NA
2399,NA
2400,NA
2401,NA
2402,NA
2403,NA
2404,NA
2405,NA
2406,NA
2407,NA
2408,NA
2409,NA
2410,NA
2411,NA
2412,NA
2413,NA
2414,NA
2415,NA
2416,NA
2417,NA
2418,NA
2419,NA
2420,NA
2421,NA
2422,NA
2423,NA
2424,NA
2425,NA
2426,NA
2427,NA
2428,NA
2429,NA
2430,NA
2431,NA
2432,NA
2433,NA
2434,NA
2435,NA
2436,NA
2437,NA
2438,NA
2439,NA
2440,NA
2441,NA
2442,NA
2443,NA
2444,NA
2445,NA
2446,NA
2447,NA
2448,NA
2449,NA
2450,NA
2451,NA
2452,NA
2453,NA
2454,NA
2455,NA
2456,NA
2457,NA
2458,NA
2459,NA
2460,NA
2461,NA
2462,NA
2463,NA
2464,NA
2465,NA
2466,NA
2467,NA
2468,NA
2469,NA
2470,NA
2471,NA
2472,NA
2473,NA
2474,NA
2475,NA
2476,7
2477,9
2478,7
2479,NA
2480,3
2481,15
2482,2
2483,2
2484,4
2485,3
2486,2
2487,10
2488,295
2489,16
2490,1
2491,7
2492,12
2493,1
2494,1
2495,NA
2496,NA
2497,NA
2498,6
2499,10
2500,3
2501,11
2502,1
2503,NA
2504,NA
2505,3
2506,32
2507,5
2508,1
2509,NA
2510,NA
2511,NA
2512,NA
2513,NA
2514,NA
2515,NA
2516,1
2517,NA
2518,NA
2519,NA
2520,NA
2521,NA
2522,NA
2523,2
2524,NA
2525,NA
2526,NA
2527,NA
2528,NA
2529,NA
2530,NA
2531,NA
2532,NA
2533,NA
2534,NA
2535,NA
2536,NA
2537,NA
2538,NA
2539,NA
2540,NA
2541,NA
2542,NA
2543,NA
2544,NA
2545,NA
2546,NA
2547,NA
2548,NA
2549,NA
2550,NA
2551,NA
2552,NA
2553,NA
2554,NA
2555,NA
2556,NA
2557,NA
2558,NA
2559,NA
2560,NA
2561,NA
2562,NA
2563,NA
2564,NA
2565,NA
2566,NA
2567,NA
2568,NA
2569,NA
2570,NA
2571,NA
2572,NA
2573,NA
2574,NA
2575,NA
2576,NA
2577,NA
2578,NA
2579,NA
2580,NA
2581,NA
2582,NA
2583,NA
2584,NA
2585,NA
2586,NA
2587,NA
2588,NA
2589,NA
2590,NA
2591,NA
2592,NA
2593,NA
2594,NA
2595,NA
2596,NA
2597,NA
2598,NA
2599,NA
2600,NA
2601,NA
2602,NA
2603,NA
2604,NA
2605,NA
2606,NA
2607,NA
2608,NA
2609,NA
2610,NA
2611,NA
2612,NA
2613,NA
2614,NA
2615,NA
2616,NA
2617,NA
2618,NA
2619,NA
2620,NA
2621,NA
2622,NA
2623,NA
2624,NA
2625,NA
2626,NA
2627,NA
2628,NA
2629,NA
2630,NA
2631,NA
2632,NA
2633,NA
2634,NA
2635,NA
2636,NA
2637,NA
2638,NA
2639,NA
2640,NA
2641,NA
2642,NA
2643,NA
2644,NA
2645,NA
2646,NA
2647,NA
2648,NA
2649,NA
2650,NA
2651,NA
2652,NA
2653,NA
2654,NA
2655,NA
2656,NA
2657,NA
2658,NA
2659,NA
2660,NA
2661,NA
2662,NA
2663,NA
2664,NA
2665,NA
2666,NA
2667,NA
2668,NA
2669,NA
2670,NA
2671,NA
2672,NA
2673,NA
2674,NA
2675,NA
2676,NA
2677,NA
2678,NA
2679,NA
2680,NA
2681,NA
2682,NA
2683,NA
2684,NA
2685,NA
2686,NA
2687,NA
2688,NA
2689,NA
2690,NA
2691,NA
2692,NA
2693,NA
2694,NA
2695,NA
2696,NA
2697,NA
2698,NA
2699,NA
2700,NA
2701,14
2702,12
2703,9
2704,1
2705,3
2706,21
2707,7
2708,2
2709,4
2710,3
2711,2
2712,16
2713,386
2714,22
2715,1
2716,8
2717,18
2718,1
2719,1
2720,1
2721,NA
2722,NA
2723,7
2724,10
2725,2
2726,14
2727,1
2728,NA
2729,NA
2730,5
2731,43
2732,5
2733,1
2734,NA
2735,NA
2736,NA
2737,NA
2738,NA
2739,NA
2740,NA
2741,1
2742,NA
2743,NA
2744,NA
2745,NA
2746,NA
2747,NA
2748,2
2749,NA
2750,NA
2751,NA
2752,NA
2753,NA
2754,NA
2755,NA
2756,NA
2757,NA
2758,NA
2759,NA
2760,NA
2761,NA
2762,NA
2763,NA
2764,NA
2765,NA
2766,NA
2767,NA
2768,NA
2769,NA
2770,NA
2771,NA
2772,NA
2773,NA
2774,NA
2775,NA
2776,NA
2777,NA
2778,NA
2779,NA
2780,NA
2781,NA
2782,NA
2783,NA
2784,NA
2785,NA
2786,NA
2787,NA
2788,NA
2789,NA
2790,NA
2791,NA
2792,NA
2793,NA
2794,NA
2795,NA
2796,NA
2797,NA
2798,NA
2799,NA
2800,NA
2801,NA
2802,NA
2803,NA
2804,NA
2805,NA
2806,NA
2807,NA
2808,NA
2809,NA
2810,NA
2811,NA
2812,NA
2813,NA
2814,NA
2815,NA
2816,NA
2817,NA
2818,NA
2819,NA
2820,NA
2821,NA
2822,NA
2823,NA
2824,NA
2825,NA
2826,NA
2827,NA
2828,NA
2829,NA
2830,NA
2831,NA
2832,NA
2833,NA
2834,NA
2835,NA
2836,NA
2837,NA
2838,NA
2839,NA
2840,NA
2841,NA
2842,NA
2843,NA
2844,NA
2845,NA
2846,NA
2847,NA
2848,NA
2849,NA
2850,NA
2851,NA
2852,NA
2853,NA
2854,NA
2855,NA
2856,NA
2857,NA
2858,NA
2859,NA
2860,NA
2861,NA
2862,NA
2863,NA
2864,NA
2865,NA
2866,NA
2867,NA
2868,NA
2869,NA
2870,NA
2871,NA
2872,NA
2873,NA
2874,NA
2875,NA
2876,NA
2877,NA
2878,NA
2879,NA
2880,NA
2881,NA
2882,NA
2883,NA
2884,NA
2885,NA
2886,NA
2887,NA
2888,NA
2889,NA
2890,NA
2891,NA
2892,NA
2893,NA
2894,NA
2895,NA
2896,NA
2897,NA
2898,NA
2899,NA
2900,NA
2901,NA
2902,NA
2903,NA
2904,NA
2905,NA
2906,NA
2907,NA
2908,NA
2909,NA
2910,NA
2911,NA
2912,NA
2913,NA
2914,NA
2915,NA
2916,NA
2917,NA
2918,NA
2919,NA
2920,NA
2921,NA
2922,NA
2923,NA
2924,NA
2925,NA
2926,20
2927,23
2928,9
2929,3
2930,4
2931,30
2932,10
2933,2
2934,5
2935,4
2936,4
2937,27
2938,522
2939,31
2940,1
2941,12
2942,20
2943,1
2944,2
2945,1
2946,NA
2947,2
2948,11
2949,12
2950,4
2951,14
2952,2
2953,NA
2954,NA
2955,5
2956,62
2957,5
2958,1
2959,NA
2960,NA
2961,NA
2962,NA
2963,NA
2964,NA
2965,NA
2966,1
2967,NA
2968,NA
2969,NA
2970,NA
2971,NA
2972,NA
2973,2
2974,NA
2975,NA
2976,NA
2977,NA
2978,NA
2979,NA
2980,NA
2981,NA
2982,NA
2983,NA
2984,NA
2985,NA
2986,NA
2987,NA
2988,NA
2989,NA
2990,NA
2991,NA
2992,NA
2993,NA
2994,NA
2995,NA
2996,NA
2997,NA
2998,NA
2999,NA
3000,NA
3001,NA
3002,NA
3003,NA
3004,NA
3005,NA
3006,NA
3007,NA
3008,NA
3009,NA
3010,NA
3011,NA
3012,NA
3013,NA
3014,NA
3015,NA
3016,NA
3017,NA
3018,NA
3019,NA
3020,NA
3021,NA
3022,NA
3023,NA
3024,NA
3025,NA
3026,NA
3027,NA
3028,NA
3029,NA
3030,NA
3031,NA
3032,NA
3033,NA
3034,NA
3035,NA
3036,NA
3037,NA
3038,NA
3039,NA
3040,NA
3041,NA
3042,NA
3043,NA
3044,NA
3045,NA
3046,NA
3047,NA
3048,NA
3049,NA
3050,NA
3051,NA
3052,NA
3053,NA
3054,NA
3055,NA
3056,NA
3057,NA
3058,NA
3059,NA
3060,NA
3061,NA
3062,NA
3063,NA
3064,NA
3065,NA
3066,NA
3067,NA
3068,NA
3069,NA
3070,NA
3071,NA
3072,NA
3073,NA
3074,NA
3075,NA
3076,NA
3077,NA
3078,NA
3079,NA
3080,NA
3081,NA
3082,NA
3083,NA
3084,NA
3085,NA
3086,NA
3087,NA
3088,NA
3089,NA
3090,NA
3091,NA
3092,NA
3093,NA
3094,NA
3095,NA
3096,NA
3097,NA
3098,NA
3099,NA
3100,NA
3101,NA
3102,NA
3103,NA
3104,NA
3105,NA
3106,NA
3107,NA
3108,NA
3109,NA
3110,NA
3111,NA
3112,NA
3113,NA
3114,NA
3115,NA
3116,NA
3117,NA
3118,NA
3119,NA
3120,NA
3121,NA
3122,NA
3123,NA
3124,NA
3125,NA
3126,NA
3127,NA
3128,NA
3129,NA
3130,NA
3131,NA
3132,NA
3133,NA
3134,NA
3135,NA
3136,NA
3137,NA
3138,NA
3139,NA
3140,NA
3141,NA
3142,NA
3143,NA
3144,NA
3145,NA
3146,NA
3147,NA
3148,NA
3149,NA
3150,NA
3151,23
3152,24
3153,15
3154,11
3155,6
3156,49
3157,13
3158,9
3159,5
3160,6
3161,7
3162,47
3163,633
3164,54
3165,3
3166,23
3167,27
3168,2
3169,4
3170,1
3171,3
3172,6
3173,15
3174,15
3175,5
3176,24
3177,2
3178,NA
3179,NA
3180,5
3181,78
3182,5
3183,1
3184,NA
3185,NA
3186,NA
3187,NA
3188,NA
3189,NA
3190,NA
3191,1
3192,NA
3193,NA
3194,NA
3195,NA
3196,NA
3197,NA
3198,2
3199,NA
3200,NA
3201,NA
3202,NA
3203,NA
3204,NA
3205,NA
3206,NA
3207,NA
3208,NA
3209,NA
3210,NA
3211,NA
3212,NA
3213,NA
3214,NA
3215,NA
3216,NA
3217,NA
3218,NA
3219,NA
3220,NA
3221,NA
3222,NA
3223,NA
3224,NA
3225,NA
3226,NA
3227,NA
3228,NA
3229,NA
3230,NA
3231,NA
3232,NA
3233,NA
3234,NA
3235,NA
3236,NA
3237,NA
3238,NA
3239,NA
3240,NA
3241,NA
3242,NA
3243,NA
3244,NA
3245,NA
3246,NA
3247,NA
3248,NA
3249,NA
3250,NA
3251,NA
3252,NA
3253,NA
3254,NA
3255,NA
3256,NA
3257,NA
3258,NA
3259,NA
3260,NA
3261,NA
3262,NA
3263,NA
3264,NA
3265,NA
3266,NA
3267,NA
3268,NA
3269,NA
3270,NA
3271,NA
3272,NA
3273,NA
3274,NA
3275,NA
3276,NA
3277,NA
3278,NA
3279,NA
3280,NA
3281,NA
3282,NA
3283,NA
3284,NA
3285,NA
3286,NA
3287,NA
3288,NA
3289,NA
3290,NA
3291,NA
3292,NA
3293,NA
3294,NA
3295,NA
3296,NA
3297,NA
3298,NA
3299,NA
3300,NA
3301,NA
3302,NA
3303,NA
3304,NA
3305,NA
3306,NA
3307,NA
3308,NA
3309,NA
3310,NA
3311,NA
3312,NA
3313,NA
3314,NA
3315,NA
3316,NA
3317,NA
3318,NA
3319,NA
3320,NA
3321,NA
3322,NA
3323,NA
3324,NA
3325,NA
3326,NA
3327,NA
3328,NA
3329,NA
3330,NA
3331,NA
3332,NA
3333,NA
3334,NA
3335,NA
3336,NA
3337,NA
3338,NA
3339,NA
3340,NA
3341,NA
3342,NA
3343,NA
3344,NA
3345,NA
3346,NA
3347,NA
3348,NA
3349,NA
3350,NA
3351,NA
3352,NA
3353,NA
3354,NA
3355,NA
3356,NA
3357,NA
3358,NA
3359,NA
3360,NA
3361,NA
3362,NA
3363,NA
3364,NA
3365,NA
3366,NA
3367,NA
3368,NA
3369,NA
3370,NA
3371,NA
3372,NA
3373,NA
3374,NA
3375,NA
3376,34
3377,31
3378,24
3379,14
3380,6
3381,69
3382,14
3383,6
3384,8
3385,13
3386,8
3387,56
3388,817
3389,81
3390,4
3391,34
3392,37
3393,4
3394,5
3395,1
3396,3
3397,9
3398,27
3399,25
3400,12
3401,31
3402,2
3403,NA
3404,NA
3405,7
3406,94
3407,5
3408,1
3409,NA
3410,1
3411,NA
3412,NA
3413,1
3414,NA
3415,NA
3416,1
3417,NA
3418,NA
3419,NA
3420,NA
3421,NA
3422,NA
3423,2
3424,NA
3425,NA
3426,NA
3427,NA
3428,NA
3429,NA
3430,NA
3431,NA
3432,NA
3433,NA
3434,NA
3435,NA
3436,NA
3437,NA
3438,NA
3439,NA
3440,NA
3441,NA
3442,NA
3443,NA
3444,NA
3445,NA
3446,NA
3447,NA
3448,NA
3449,NA
3450,NA
3451,NA
3452,NA
3453,NA
3454,NA
3455,NA
3456,NA
3457,NA
3458,NA
3459,NA
3460,NA
3461,NA
3462,NA
3463,NA
3464,NA
3465,NA
3466,NA
3467,NA
3468,NA
3469,NA
3470,NA
3471,NA
3472,NA
3473,NA
3474,NA
3475,NA
3476,NA
3477,NA
3478,NA
3479,NA
3480,NA
3481,NA
3482,NA
3483,NA
3484,NA
3485,NA
3486,NA
3487,NA
3488,NA
3489,NA
3490,NA
3491,NA
3492,NA
3493,NA
3494,NA
3495,NA
3496,NA
3497,NA
3498,NA
3499,NA
3500,NA
3501,NA
3502,NA
3503,NA
3504,NA
3505,NA
3506,NA
3507,NA
3508,NA
3509,NA
3510,NA
3511,NA
3512,NA
3513,NA
3514,NA
3515,NA
3516,NA
3517,NA
3518,NA
3519,NA
3520,NA
3521,NA
3522,NA
3523,NA
3524,NA
3525,NA
3526,NA
3527,NA
3528,NA
3529,NA
3530,NA
3531,NA
3532,NA
3533,NA
3534,NA
3535,NA
3536,NA
3537,NA
3538,NA
3539,NA
3540,NA
3541,NA
3542,NA
3543,NA
3544,NA
3545,NA
3546,NA
3547,NA
3548,NA
3549,NA
3550,NA
3551,NA
3552,NA
3553,NA
3554,NA
3555,NA
3556,NA
3557,NA
3558,NA
3559,NA
3560,NA
3561,NA
3562,NA
3563,NA
3564,NA
3565,NA
3566,NA
3567,NA
3568,NA
3569,NA
3570,NA
3571,NA
3572,NA
3573,NA
3574,NA
3575,NA
3576,NA
3577,NA
3578,NA
3579,NA
3580,NA
3581,NA
3582,NA
3583,NA
3584,NA
3585,NA
3586,NA
3587,NA
3588,NA
3589,NA
3590,NA
3591,NA
3592,NA
3593,NA
3594,NA
3595,NA
3596,NA
3597,NA
3598,NA
3599,NA
3600,NA
3601,47
3602,33
3603,31
3604,20
3605,9
3606,88
3607,17
3608,6
3609,10
3610,22
3611,12
3612,86
3613,1115
3614,112
3615,5
3616,43
3617,45
3618,4
3619,7
3620,5
3621,3
3622,17
3623,37
3624,30
3625,15
3626,42
3627,2
3628,NA
3629,NA
3630,12
3631,123
3632,5
3633,1
3634,1
3635,1
3636,NA
3637,NA
3638,1
3639,NA
3640,NA
3641,1
3642,NA
3643,NA
3644,1
3645,NA
3646,NA
3647,NA
3648,2
3649,NA
3650,NA
3651,NA
3652,NA
3653,NA
3654,NA
3655,NA
3656,NA
3657,NA
3658,NA
3659,NA
3660,NA
3661,NA
3662,NA
3663,NA
3664,NA
3665,NA
3666,NA
3667,NA
3668,NA
3669,NA
3670,NA
3671,NA
3672,NA
3673,NA
3674,NA
3675,NA
3676,NA
3677,NA
3678,NA
3679,NA
3680,NA
3681,NA
3682,NA
3683,NA
3684,NA
3685,NA
3686,NA
3687,NA
3688,NA
3689,NA
3690,NA
3691,NA
3692,NA
3693,NA
3694,NA
3695,NA
3696,NA
3697,NA
3698,NA
3699,NA
3700,NA
3701,NA
3702,NA
3703,NA
3704,NA
3705,NA
3706,NA
3707,NA
3708,NA
3709,NA
3710,NA
3711,NA
3712,NA
3713,NA
3714,NA
3715,NA
3716,NA
3717,NA
3718,NA
3719,NA
3720,NA
3721,NA
3722,NA
3723,NA
3724,NA
3725,NA
3726,NA
3727,NA
3728,NA
3729,NA
3730,NA
3731,NA
3732,NA
3733,NA
3734,NA
3735,NA
3736,NA
3737,NA
3738,NA
3739,NA
3740,NA
3741,NA
3742,NA
3743,NA
3744,NA
3745,NA
3746,NA
3747,NA
3748,NA
3749,NA
3750,NA
3751,NA
3752,NA
3753,NA
3754,NA
3755,NA
3756,NA
3757,NA
3758,NA
3759,NA
3760,NA
3761,NA
3762,NA
3763,NA
3764,NA
3765,NA
3766,NA
3767,NA
3768,NA
3769,NA
3770,NA
3771,NA
3772,NA
3773,NA
3774,NA
3775,NA
3776,NA
3777,NA
3778,NA
3779,NA
3780,NA
3781,NA
3782,NA
3783,NA
3784,NA
3785,NA
3786,NA
3787,NA
3788,NA
3789,NA
3790,NA
3791,NA
3792,NA
3793,NA
3794,NA
3795,NA
3796,NA
3797,NA
3798,NA
3799,NA
3800,NA
3801,NA
3802,NA
3803,NA
3804,NA
3805,NA
3806,NA
3807,NA
3808,NA
3809,NA
3810,NA
3811,NA
3812,NA
3813,NA
3814,NA
3815,NA
3816,NA
3817,NA
3818,NA
3819,NA
3820,NA
3821,NA
3822,NA
3823,NA
3824,NA
3825,NA
3826,59
3827,34
3828,39
3829,24
3830,12
3831,112
3832,17
3833,7
3834,14
3835,30
3836,13
3837,116
3838,1439
3839,156
3840,5
3841,51
3842,55
3843,4
3844,8
3845,15
3846,3
3847,20
3848,44
3849,41
3850,21
3851,60
3852,4
3853,NA
3854,NA
3855,17
3856,175
3857,10
3858,1
3859,1
3860,1
3861,NA
3862,NA
3863,1
3864,NA
3865,2
3866,1
3867,NA
3868,NA
3869,1
3870,NA
3871,NA
3872,NA
3873,2
3874,NA
3875,NA
3876,NA
3877,1
3878,NA
3879,NA
3880,NA
3881,NA
3882,NA
3883,NA
3884,NA
3885,NA
3886,NA
3887,NA
3888,NA
3889,NA
3890,NA
3891,NA
3892,NA
3893,NA
3894,NA
3895,NA
3896,NA
3897,NA
3898,NA
3899,NA
3900,NA
3901,NA
3902,NA
3903,NA
3904,NA
3905,NA
3906,NA
3907,NA
3908,NA
3909,NA
3910,NA
3911,NA
3912,NA
3913,NA
3914,NA
3915,NA
3916,NA
3917,NA
3918,NA
3919,NA
3920,NA
3921,NA
3922,NA
3923,NA
3924,NA
3925,NA
3926,NA
3927,NA
3928,NA
3929,NA
3930,NA
3931,NA
3932,NA
3933,NA
3934,NA
3935,NA
3936,NA
3937,NA
3938,NA
3939,NA
3940,NA
3941,NA
3942,NA
3943,NA
3944,NA
3945,NA
3946,NA
3947,NA
3948,NA
3949,NA
3950,NA
3951,NA
3952,NA
3953,NA
3954,NA
3955,NA
3956,NA
3957,NA
3958,NA
3959,NA
3960,NA
3961,NA
3962,NA
3963,NA
3964,NA
3965,NA
3966,NA
3967,NA
3968,NA
3969,NA
3970,NA
3971,NA
3972,NA
3973,NA
3974,NA
3975,NA
3976,NA
3977,NA
3978,NA
3979,NA
3980,NA
3981,NA
3982,NA
3983,NA
3984,NA
3985,NA
3986,NA
3987,NA
3988,NA
3989,NA
3990,NA
3991,NA
3992,NA
3993,NA
3994,NA
3995,NA
3996,NA
3997,NA
3998,NA
3999,NA
4000,NA
4001,NA
4002,NA
4003,NA
4004,NA
4005,NA
4006,NA
4007,NA
4008,NA
4009,NA
4010,NA
4011,NA
4012,NA
4013,NA
4014,NA
4015,NA
4016,NA
4017,NA
4018,NA
4019,NA
4020,NA
4021,NA
4022,NA
4023,NA
4024,NA
4025,NA
4026,NA
4027,NA
4028,NA
4029,NA
4030,NA
4031,NA
4032,NA
4033,NA
4034,NA
4035,NA
4036,NA
4037,NA
4038,NA
4039,NA
4040,NA
4041,NA
4042,NA
4043,NA
4044,NA
4045,NA
4046,NA
4047,NA
4048,NA
4049,NA
4050,NA
4051,72
4052,37
4053,51
4054,35
4055,16
4056,141
4057,18
4058,7
4059,19
4060,34
4061,14
4062,153
4063,1795
4064,186
4065,5
4066,71
4067,73
4068,12
4069,12
4070,13
4071,3
4072,25
4073,63
4074,44
4075,25
4076,71
4077,4
4078,NA
4079,NA
4080,18
4081,201
4082,10
4083,1
4084,3
4085,1
4086,1
4087,2
4088,1
4089,NA
4090,2
4091,1
4092,NA
4093,NA
4094,1
4095,NA
4096,NA
4097,NA
4098,2
4099,NA
4100,NA
4101,NA
4102,1
4103,NA
4104,NA
4105,NA
4106,NA
4107,NA
4108,NA
4109,NA
4110,NA
4111,NA
4112,NA
4113,NA
4114,NA
4115,NA
4116,NA
4117,NA
4118,NA
4119,NA
4120,NA
4121,NA
4122,NA
4123,NA
4124,NA
4125,NA
4126,NA
4127,NA
4128,NA
4129,NA
4130,NA
4131,NA
4132,NA
4133,NA
4134,NA
4135,NA
4136,NA
4137,NA
4138,NA
4139,NA
4140,NA
4141,NA
4142,NA
4143,NA
4144,NA
4145,NA
4146,NA
4147,NA
4148,NA
4149,NA
4150,NA
4151,NA
4152,NA
4153,NA
4154,NA
4155,NA
4156,NA
4157,NA
4158,NA
4159,NA
4160,NA
4161,NA
4162,NA
4163,NA
4164,NA
4165,NA
4166,NA
4167,NA
4168,NA
4169,NA
4170,NA
4171,NA
4172,NA
4173,NA
4174,NA
4175,NA
4176,NA
4177,NA
4178,NA
4179,NA
4180,NA
4181,NA
4182,NA
4183,NA
4184,NA
4185,NA
4186,NA
4187,NA
4188,NA
4189,NA
4190,NA
4191,NA
4192,NA
4193,NA
4194,NA
4195,NA
4196,NA
4197,NA
4198,NA
4199,NA
4200,NA
4201,NA
4202,NA
4203,NA
4204,NA
4205,NA
4206,NA
4207,NA
4208,NA
4209,NA
4210,NA
4211,NA
4212,NA
4213,NA
4214,NA
4215,NA
4216,NA
4217,NA
4218,NA
4219,NA
4220,NA
4221,NA
4222,NA
4223,NA
4224,NA
4225,NA
4226,NA
4227,NA
4228,NA
4229,NA
4230,NA
4231,NA
4232,NA
4233,NA
4234,NA
4235,NA
4236,NA
4237,NA
4238,NA
4239,NA
4240,NA
4241,NA
4242,NA
4243,NA
4244,NA
4245,NA
4246,NA
4247,NA
4248,NA
4249,NA
4250,NA
4251,NA
4252,NA
4253,NA
4254,NA
4255,NA
4256,NA
4257,NA
4258,NA
4259,NA
4260,NA
4261,NA
4262,NA
4263,NA
4264,NA
4265,NA
4266,NA
4267,NA
4268,NA
4269,NA
4270,NA
4271,NA
4272,NA
4273,NA
4274,NA
4275,NA
4276,88
4277,44
4278,66
4279,39
4280,17
4281,167
4282,24
4283,10
4284,19
4285,41
4286,30
4287,191
4288,2222
4289,208
4290,5
4291,81
4292,105
4293,13
4294,13
4295,13
4296,3
4297,30
4298,66
4299,48
4300,25
4301,80
4302,8
4303,NA
4304,NA
4305,19
4306,242
4307,10
4308,4
4309,3
4310,1
4311,1
4312,2
4313,1
4314,NA
4315,2
4316,1
4317,NA
4318,NA
4319,1
4320,NA
4321,NA
4322,NA
4323,2
4324,NA
4325,NA
4326,NA
4327,1
4328,NA
4329,NA
4330,NA
4331,NA
4332,NA
4333,NA
4334,NA
4335,NA
4336,NA
4337,NA
4338,NA
4339,NA
4340,NA
4341,NA
4342,NA
4343,NA
4344,NA
4345,NA
4346,NA
4347,NA
4348,NA
4349,NA
4350,NA
4351,NA
4352,NA
4353,NA
4354,NA
4355,NA
4356,NA
4357,NA
4358,NA
4359,NA
4360,NA
4361,NA
4362,NA
4363,NA
4364,NA
4365,NA
4366,NA
4367,NA
4368,NA
4369,NA
4370,NA
4371,NA
4372,NA
4373,NA
4374,NA
4375,NA
4376,NA
4377,NA
4378,NA
4379,NA
4380,NA
4381,NA
4382,NA
4383,NA
4384,NA
4385,NA
4386,NA
4387,NA
4388,NA
4389,NA
4390,NA
4391,NA
4392,NA
4393,NA
4394,NA
4395,NA
4396,NA
4397,NA
4398,NA
4399,NA
4400,NA
4401,NA
4402,NA
4403,NA
4404,NA
4405,NA
4406,NA
4407,NA
4408,NA
4409,NA
4410,NA
4411,NA
4412,NA
4413,NA
4414,NA
4415,NA
4416,NA
4417,NA
4418,NA
4419,NA
4420,NA
4421,NA
4422,NA
4423,NA
4424,NA
4425,NA
4426,NA
4427,NA
4428,NA
4429,NA
4430,NA
4431,NA
4432,NA
4433,NA
4434,NA
4435,NA
4436,NA
4437,NA
4438,NA
4439,NA
4440,NA
4441,NA
4442,NA
4443,NA
4444,NA
4445,NA
4446,NA
4447,NA
4448,NA
4449,NA
4450,NA
4451,NA
4452,NA
4453,NA
4454,NA
4455,NA
4456,NA
4457,NA
4458,NA
4459,NA
4460,NA
4461,NA
4462,NA
4463,NA
4464,NA
4465,NA
4466,NA
4467,NA
4468,NA
4469,NA
4470,NA
4471,NA
4472,NA
4473,NA
4474,NA
4475,NA
4476,NA
4477,NA
4478,NA
4479,NA
4480,NA
4481,NA
4482,NA
4483,NA
4484,NA
4485,NA
4486,NA
4487,NA
4488,NA
4489,NA
4490,NA
4491,NA
4492,NA
4493,NA
4494,NA
4495,NA
4496,NA
4497,NA
4498,NA
4499,NA
4500,NA
4501,105
4502,48
4503,79
4504,45
4505,24
4506,212
4507,33
4508,17
4509,20
4510,48
4511,28
4512,218
4513,2639
4514,247
4515,5
4516,93
4517,128
4518,18
4519,19
4520,22
4521,5
4522,32
4523,80
4524,52
4525,30
4526,85
4527,10
4528,NA
4529,3
4530,20
4531,270
4532,10
4533,9
4534,3
4535,1
4536,1
4537,2
4538,1
4539,NA
4540,9
4541,6
4542,NA
4543,NA
4544,3
4545,NA
4546,NA
4547,NA
4548,2
4549,NA
4550,NA
4551,NA
4552,1
4553,NA
4554,NA
4555,NA
4556,NA
4557,NA
4558,NA
4559,NA
4560,NA
4561,NA
4562,NA
4563,NA
4564,NA
4565,NA
4566,NA
4567,NA
4568,NA
4569,NA
4570,NA
4571,NA
4572,NA
4573,NA
4574,NA
4575,NA
4576,NA
4577,NA
4578,NA
4579,NA
4580,NA
4581,NA
4582,NA
4583,NA
4584,NA
4585,NA
4586,NA
4587,NA
4588,NA
4589,NA
4590,NA
4591,NA
4592,NA
4593,NA
4594,NA
4595,NA
4596,NA
4597,NA
4598,NA
4599,NA
4600,NA
4601,NA
4602,NA
4603,NA
4604,NA
4605,NA
4606,NA
4607,NA
4608,NA
4609,NA
4610,NA
4611,NA
4612,NA
4613,NA
4614,NA
4615,NA
4616,NA
4617,NA
4618,NA
4619,NA
4620,NA
4621,NA
4622,NA
4623,NA
4624,NA
4625,NA
4626,NA
4627,NA
4628,NA
4629,NA
4630,NA
4631,NA
4632,NA
4633,NA
4634,NA
4635,NA
4636,NA
4637,NA
4638,NA
4639,NA
4640,NA
4641,NA
4642,NA
4643,NA
4644,NA
4645,NA
4646,NA
4647,NA
4648,NA
4649,NA
4650,NA
4651,NA
4652,NA
4653,NA
4654,NA
4655,NA
4656,NA
4657,NA
4658,NA
4659,NA
4660,NA
4661,NA
4662,NA
4663,NA
4664,NA
4665,NA
4666,NA
4667,NA
4668,NA
4669,NA
4670,NA
4671,NA
4672,NA
4673,NA
4674,NA
4675,NA
4676,NA
4677,NA
4678,NA
4679,NA
4680,NA
4681,NA
4682,NA
4683,NA
4684,NA
4685,NA
4686,NA
4687,NA
4688,NA
4689,NA
4690,NA
4691,NA
4692,NA
4693,NA
4694,NA
4695,NA
4696,NA
4697,NA
4698,NA
4699,NA
4700,NA
4701,NA
4702,NA
4703,NA
4704,NA
4705,NA
4706,NA
4707,NA
4708,NA
4709,NA
4710,NA
4711,NA
4712,NA
4713,NA
4714,NA
4715,NA
4716,NA
4717,NA
4718,NA
4719,NA
4720,NA
4721,NA
4722,NA
4723,NA
4724,NA
4725,NA
4726,127
4727,56
4728,102
4729,53
4730,31
4731,275
4732,32
4733,18
4734,27
4735,54
4736,31
4737,246
4738,2686
4739,304
4740,6
4741,125
4742,152
4743,22
4744,20
4745,24
4746,9
4747,43
4748,92
4749,57
4750,33
4751,92
4752,11
4753,1
4754,3
4755,26
4756,321
4757,10
4758,9
4759,7
4760,1
4761,1
4762,2
4763,2
4764,1
4765,15
4766,6
4767,2
4768,1
4769,3
4770,NA
4771,NA
4772,NA
4773,2
4774,NA
4775,NA
4776,1
4777,1
4778,NA
4779,1
4780,1
4781,1
4782,NA
4783,1
4784,NA
4785,1
4786,2
4787,NA
4788,NA
4789,NA
4790,NA
4791,NA
4792,NA
4793,NA
4794,NA
4795,NA
4796,NA
4797,NA
4798,NA
4799,NA
4800,NA
4801,NA
4802,NA
4803,NA
4804,NA
4805,NA
4806,NA
4807,NA
4808,NA
4809,NA
4810,NA
4811,NA
4812,NA
4813,NA
4814,NA
4815,NA
4816,NA
4817,NA
4818,NA
4819,NA
4820,NA
4821,NA
4822,NA
4823,NA
4824,NA
4825,NA
4826,NA
4827,NA
4828,NA
4829,NA
4830,NA
4831,NA
4832,NA
4833,NA
4834,NA
4835,NA
4836,NA
4837,NA
4838,NA
4839,NA
4840,NA
4841,NA
4842,NA
4843,NA
4844,NA
4845,NA
4846,NA
4847,NA
4848,NA
4849,NA
4850,NA
4851,NA
4852,NA
4853,NA
4854,NA
4855,NA
4856,NA
4857,NA
4858,NA
4859,NA
4860,NA
4861,NA
4862,NA
4863,NA
4864,NA
4865,NA
4866,NA
4867,NA
4868,NA
4869,NA
4870,NA
4871,NA
4872,NA
4873,NA
4874,NA
4875,NA
4876,NA
4877,NA
4878,NA
4879,NA
4880,NA
4881,NA
4882,NA
4883,NA
4884,NA
4885,NA
4886,NA
4887,NA
4888,NA
4889,NA
4890,NA
4891,NA
4892,NA
4893,NA
4894,NA
4895,NA
4896,NA
4897,NA
4898,NA
4899,NA
4900,NA
4901,NA
4902,NA
4903,NA
4904,NA
4905,NA
4906,NA
4907,NA
4908,NA
4909,NA
4910,NA
4911,NA
4912,NA
4913,NA
4914,NA
4915,NA
4916,NA
4917,NA
4918,NA
4919,NA
4920,NA
4921,NA
4922,NA
4923,NA
4924,NA
4925,NA
4926,NA
4927,NA
4928,NA
4929,NA
4930,NA
4931,NA
4932,NA
4933,NA
4934,NA
4935,NA
4936,NA
4937,NA
4938,NA
4939,NA
4940,NA
4941,NA
4942,NA
4943,NA
4944,NA
4945,NA
4946,NA
4947,NA
4948,NA
4949,NA
4950,NA
4951,157
4952,69
4953,128
4954,57
4955,39
4956,314
4957,33
4958,27
4959,30
4960,68
4961,33
4962,296
4963,3459
4964,339
4965,6
4966,139
4967,170
4968,24
4969,22
4970,24
4971,11
4972,46
4973,105
4974,62
4975,36
4976,104
4977,21
4978,1
4979,6
4980,27
4981,360
4982,12
4983,9
4984,7
4985,1
4986,1
4987,2
4988,3
4989,1
4990,15
4991,7
4992,2
4993,1
4994,3
4995,NA
4996,NA
4997,NA
4998,4
4999,4
5000,NA
5001,1
5002,1
5003,1
5004,1
5005,1
5006,1
5007,NA
5008,1
5009,NA
5010,1
5011,2
5012,NA
5013,NA
5014,NA
5015,NA
5016,NA
5017,NA
5018,NA
5019,NA
5020,NA
5021,NA
5022,NA
5023,NA
5024,NA
5025,NA
5026,NA
5027,NA
5028,NA
5029,NA
5030,NA
5031,NA
5032,NA
5033,NA
5034,NA
5035,NA
5036,NA
5037,NA
5038,NA
5039,NA
5040,NA
5041,NA
5042,NA
5043,NA
5044,NA
5045,NA
5046,NA
5047,NA
5048,NA
5049,NA
5050,NA
5051,NA
5052,NA
5053,NA
5054,NA
5055,NA
5056,NA
5057,NA
5058,NA
5059,NA
5060,NA
5061,NA
5062,NA
5063,NA
5064,NA
5065,NA
5066,NA
5067,NA
5068,NA
5069,NA
5070,NA
5071,NA
5072,NA
5073,NA
5074,NA
5075,NA
5076,NA
5077,NA
5078,NA
5079,NA
5080,NA
5081,NA
5082,NA
5083,NA
5084,NA
5085,NA
5086,NA
5087,NA
5088,NA
5089,NA
5090,NA
5091,NA
5092,NA
5093,NA
5094,NA
5095,NA
5096,NA
5097,NA
5098,NA
5099,NA
5100,NA
5101,NA
5102,NA
5103,NA
5104,NA
5105,NA
5106,NA
5107,NA
5108,NA
5109,NA
5110,NA
5111,NA
5112,NA
5113,NA
5114,NA
5115,NA
5116,NA
5117,NA
5118,NA
5119,NA
5120,NA
5121,NA
5122,NA
5123,NA
5124,NA
5125,NA
5126,NA
5127,NA
5128,NA
5129,NA
5130,NA
5131,NA
5132,NA
5133,NA
5134,NA
5135,NA
5136,NA
5137,NA
5138,NA
5139,NA
5140,NA
5141,NA
5142,NA
5143,NA
5144,NA
5145,NA
5146,NA
5147,NA
5148,NA
5149,NA
5150,NA
5151,NA
5152,NA
5153,NA
5154,NA
5155,NA
5156,NA
5157,NA
5158,NA
5159,NA
5160,NA
5161,NA
5162,NA
5163,NA
5164,NA
5165,NA
5166,NA
5167,NA
5168,NA
5169,NA
5170,NA
5171,NA
5172,NA
5173,NA
5174,NA
5175,NA
5176,193
5177,80
5178,152
5179,63
5180,39
5181,362
5182,36
5183,28
5184,43
5185,87
5186,47
5187,357
5188,4774
5189,364
5190,6
5191,157
5192,187
5193,25
5194,29
5195,24
5196,11
5197,54
5198,136
5199,90
5200,38
5201,114
5202,31
5203,1
5204,6
5205,36
5206,403
5207,12
5208,9
5209,7
5210,2
5211,1
5212,2
5213,3
5214,1
5215,17
5216,7
5217,2
5218,1
5219,3
5220,NA
5221,NA
5222,NA
5223,4
5224,4
5225,NA
5226,1
5227,1
5228,1
5229,1
5230,1
5231,1
5232,NA
5233,1
5234,NA
5235,1
5236,2
5237,NA
5238,NA
5239,NA
5240,NA
5241,NA
5242,NA
5243,NA
5244,NA
5245,NA
5246,NA
5247,NA
5248,NA
5249,NA
5250,NA
5251,NA
5252,NA
5253,NA
5254,NA
5255,NA
5256,NA
5257,NA
5258,NA
5259,NA
5260,NA
5261,NA
5262,NA
5263,NA
5264,NA
5265,NA
5266,NA
5267,NA
5268,NA
5269,NA
5270,NA
5271,NA
5272,NA
5273,NA
5274,NA
5275,NA
5276,NA
5277,NA
5278,NA
5279,NA
5280,NA
5281,NA
5282,NA
5283,NA
5284,NA
5285,NA
5286,NA
5287,NA
5288,NA
5289,NA
5290,NA
5291,NA
5292,NA
5293,NA
5294,NA
5295,NA
5296,NA
5297,NA
5298,NA
5299,NA
5300,NA
5301,NA
5302,NA
5303,NA
5304,NA
5305,NA
5306,NA
5307,NA
5308,NA
5309,NA
5310,NA
5311,NA
5312,NA
5313,NA
5314,NA
5315,NA
5316,NA
5317,NA
5318,NA
5319,NA
5320,NA
5321,NA
5322,NA
5323,NA
5324,NA
5325,NA
5326,NA
5327,NA
5328,NA
5329,NA
5330,NA
5331,NA
5332,NA
5333,NA
5334,NA
5335,NA
5336,NA
5337,NA
5338,NA
5339,NA
5340,NA
5341,NA
5342,NA
5343,NA
5344,NA
5345,NA
5346,NA
5347,NA
5348,NA
5349,NA
5350,NA
5351,NA
5352,NA
5353,NA
5354,NA
5355,NA
5356,NA
5357,NA
5358,NA
5359,NA
5360,NA
5361,NA
5362,NA
5363,NA
5364,NA
5365,NA
5366,NA
5367,NA
5368,NA
5369,NA
5370,NA
5371,NA
5372,NA
5373,NA
5374,NA
5375,NA
5376,NA
5377,NA
5378,NA
5379,NA
5380,NA
5381,NA
5382,NA
5383,NA
5384,NA
5385,NA
5386,NA
5387,NA
5388,NA
5389,NA
5390,NA
5391,NA
5392,NA
5393,NA
5394,NA
5395,NA
5396,NA
5397,NA
5398,NA
5399,NA
5400,NA
5401,221
5402,98
5403,184
5404,71
5405,49
5406,410
5407,44
5408,41
5409,39
5410,101
5411,68
5412,391
5413,5623
5414,425
5415,7
5416,186
5417,210
5418,26
5419,31
5420,33
5421,13
5422,60
5423,156
5424,124
5425,46
5426,119
5427,37
5428,1
5429,10
5430,42
5431,428
5432,12
5433,12
5434,9
5435,2
5436,1
5437,2
5438,3
5439,1
5440,18
5441,7
5442,4
5443,1
5444,7
5445,NA
5446,NA
5447,NA
5448,4
5449,4
5450,NA
5451,1
5452,1
5453,1
5454,1
5455,3
5456,1
5457,NA
5458,1
5459,NA
5460,1
5461,2
5462,NA
5463,2
5464,NA
5465,NA
5466,NA
5467,NA
5468,NA
5469,NA
5470,NA
5471,NA
5472,NA
5473,NA
5474,NA
5475,NA
5476,NA
5477,NA
5478,NA
5479,NA
5480,NA
5481,NA
5482,NA
5483,NA
5484,NA
5485,NA
5486,NA
5487,NA
5488,NA
5489,NA
5490,NA
5491,NA
5492,NA
5493,NA
5494,NA
5495,NA
5496,NA
5497,NA
5498,NA
5499,NA
5500,NA
5501,NA
5502,NA
5503,NA
5504,NA
5505,NA
5506,NA
5507,NA
5508,NA
5509,NA
5510,NA
5511,NA
5512,NA
5513,NA
5514,NA
5515,NA
5516,NA
5517,NA
5518,NA
5519,NA
5520,NA
5521,NA
5522,NA
5523,NA
5524,NA
5525,NA
5526,NA
5527,NA
5528,NA
5529,NA
5530,NA
5531,NA
5532,NA
5533,NA
5534,NA
5535,NA
5536,NA
5537,NA
5538,NA
5539,NA
5540,NA
5541,NA
5542,NA
5543,NA
5544,NA
5545,NA
5546,NA
5547,NA
5548,NA
5549,NA
5550,NA
5551,NA
5552,NA
5553,NA
5554,NA
5555,NA
5556,NA
5557,NA
5558,NA
5559,NA
5560,NA
5561,NA
5562,NA
5563,NA
5564,NA
5565,NA
5566,NA
5567,NA
5568,NA
5569,NA
5570,NA
5571,NA
5572,NA
5573,NA
5574,NA
5575,NA
5576,NA
5577,NA
5578,NA
5579,NA
5580,NA
5581,NA
5582,NA
5583,NA
5584,NA
5585,NA
5586,NA
5587,NA
5588,NA
5589,NA
5590,NA
5591,NA
5592,NA
5593,NA
5594,NA
5595,NA
5596,NA
5597,NA
5598,NA
5599,NA
5600,NA
5601,NA
5602,NA
5603,NA
5604,NA
5605,NA
5606,NA
5607,NA
5608,NA
5609,NA
5610,NA
5611,NA
5612,NA
5613,NA
5614,NA
5615,NA
5616,NA
5617,NA
5618,NA
5619,NA
5620,NA
5621,NA
5622,NA
5623,NA
5624,NA
5625,NA
5626,255
5627,108
5628,207
5629,82
5630,54
5631,465
5632,49
5633,46
5634,52
5635,105
5636,79
5637,440
5638,6639
5639,464
5640,8
5641,218
5642,240
5643,30
5644,40
5645,33
5646,13
5647,71
5648,173
5649,140
5650,50
5651,131
5652,45
5653,1
5654,12
5655,42
5656,456
5657,14
5658,12
5659,9
5660,2
5661,1
5662,2
5663,5
5664,2
5665,18
5666,7
5667,4
5668,1
5669,7
5670,NA
5671,NA
5672,NA
5673,4
5674,4
5675,NA
5676,1
5677,1
5678,1
5679,1
5680,4
5681,1
5682,3
5683,1
5684,NA
5685,8
5686,2
5687,NA
5688,2
5689,NA
5690,NA
5691,NA
5692,NA
5693,NA
5694,NA
5695,NA
5696,NA
5697,NA
5698,NA
5699,NA
5700,NA
5701,NA
5702,NA
5703,NA
5704,NA
5705,NA
5706,NA
5707,NA
5708,NA
5709,NA
5710,NA
5711,NA
5712,NA
5713,NA
5714,NA
5715,NA
5716,NA
5717,NA
5718,NA
5719,NA
5720,NA
5721,NA
5722,NA
5723,NA
5724,NA
5725,NA
5726,NA
5727,NA
5728,NA
5729,NA
5730,NA
5731,NA
5732,NA
5733,NA
5734,NA
5735,NA
5736,NA
5737,NA
5738,NA
5739,NA
5740,NA
5741,NA
5742,NA
5743,NA
5744,NA
5745,NA
5746,NA
5747,NA
5748,NA
5749,NA
5750,NA
5751,NA
5752,NA
5753,NA
5754,NA
5755,NA
5756,NA
5757,NA
5758,NA
5759,NA
5760,NA
5761,NA
5762,NA
5763,NA
5764,NA
5765,NA
5766,NA
5767,NA
5768,NA
5769,NA
5770,NA
5771,NA
5772,NA
5773,NA
5774,NA
5775,NA
5776,NA
5777,NA
5778,NA
5779,NA
5780,NA
5781,NA
5782,NA
5783,NA
5784,NA
5785,NA
5786,NA
5787,NA
5788,NA
5789,NA
5790,NA
5791,NA
5792,NA
5793,NA
5794,NA
5795,NA
5796,NA
5797,NA
5798,NA
5799,NA
5800,NA
5801,NA
5802,NA
5803,NA
5804,NA
5805,NA
5806,NA
5807,NA
5808,NA
5809,NA
5810,NA
5811,NA
5812,NA
5813,NA
5814,NA
5815,NA
5816,NA
5817,NA
5818,NA
5819,NA
5820,NA
5821,NA
5822,NA
5823,NA
5824,NA
5825,NA
5826,NA
5827,NA
5828,NA
5829,NA
5830,NA
5831,NA
5832,NA
5833,NA
5834,NA
5835,NA
5836,NA
5837,NA
5838,NA
5839,NA
5840,NA
5841,NA
5842,NA
5843,NA
5844,NA
5845,NA
5846,NA
5847,NA
5848,NA
5849,NA
5850,NA
5851,280
5852,114
5853,225
5854,90
5855,58
5856,524
5857,53
5858,57
5859,59
5860,122
5861,85
5862,509
5863,7862
5864,498
5865,8
5866,258
5867,275
5868,34
5869,43
5870,35
5871,13
5872,79
5873,191
5874,161
5875,53
5876,156
5877,46
5878,1
5879,12
5880,47
5881,507
5882,15
5883,12
5884,10
5885,2
5886,1
5887,2
5888,5
5889,2
5890,24
5891,7
5892,4
5893,1
5894,7
5895,NA
5896,NA
5897,NA
5898,4
5899,4
5900,NA
5901,1
5902,1
5903,1
5904,1
5905,4
5906,1
5907,3
5908,1
5909,NA
5910,8
5911,2
5912,NA
5913,2
5914,2
5915,NA
5916,1
5917,NA
5918,NA
5919,NA
5920,NA
5921,NA
5922,NA
5923,NA
5924,NA
5925,NA
5926,NA
5927,NA
5928,NA
5929,NA
5930,NA
5931,NA
5932,NA
5933,NA
5934,NA
5935,NA
5936,NA
5937,NA
5938,NA
5939,NA
5940,NA
5941,NA
5942,NA
5943,NA
5944,NA
5945,NA
5946,NA
5947,NA
5948,NA
5949,NA
5950,NA
5951,NA
5952,NA
5953,NA
5954,NA
5955,NA
5956,NA
5957,NA
5958,NA
5959,NA
5960,NA
5961,NA
5962,NA
5963,NA
5964,NA
5965,NA
5966,NA
5967,NA
5968,NA
5969,NA
5970,NA
5971,NA
5972,NA
5973,NA
5974,NA
5975,NA
5976,NA
5977,NA
5978,NA
5979,NA
5980,NA
5981,NA
5982,NA
5983,NA
5984,NA
5985,NA
5986,NA
5987,NA
5988,NA
5989,NA
5990,NA
5991,NA
5992,NA
5993,NA
5994,NA
5995,NA
5996,NA
5997,NA
5998,NA
5999,NA
6000,NA
6001,NA
6002,NA
6003,NA
6004,NA
6005,NA
6006,NA
6007,NA
6008,NA
6009,NA
6010,NA
6011,NA
6012,NA
6013,NA
6014,NA
6015,NA
6016,NA
6017,NA
6018,NA
6019,NA
6020,NA
6021,NA
6022,NA
6023,NA
6024,NA
6025,NA
6026,NA
6027,NA
6028,NA
6029,NA
6030,NA
6031,NA
6032,NA
6033,NA
6034,NA
6035,NA
6036,NA
6037,NA
6038,NA
6039,NA
6040,NA
6041,NA
6042,NA
6043,NA
6044,NA
6045,NA
6046,NA
6047,NA
6048,NA
6049,NA
6050,NA
6051,NA
6052,NA
6053,NA
6054,NA
6055,NA
6056,NA
6057,NA
6058,NA
6059,NA
6060,NA
6061,NA
6062,NA
6063,NA
6064,NA
6065,NA
6066,NA
6067,NA
6068,NA
6069,NA
6070,NA
6071,NA
6072,NA
6073,NA
6074,NA
6075,NA
6076,361
6077,122
6078,254
6079,93
6080,62
6081,565
6082,69
6083,66
6084,79
6085,136
6086,111
6087,522
6088,9128
6089,527
6090,8
6091,280
6092,310
6093,36
6094,53
6095,42
6096,15
6097,89
6098,211
6099,177
6100,61
6101,169
6102,48
6103,1
6104,12
6105,57
6106,535
6107,15
6108,13
6109,12
6110,2
6111,1
6112,2
6113,5
6114,2
6115,29
6116,7
6117,4
6118,1
6119,13
6120,NA
6121,NA
6122,NA
6123,4
6124,4
6125,NA
6126,1
6127,1
6128,12
6129,1
6130,4
6131,1
6132,3
6133,1
6134,NA
6135,8
6136,2
6137,NA
6138,2
6139,2
6140,NA
6141,1
6142,NA
6143,NA
6144,NA
6145,NA
6146,NA
6147,NA
6148,NA
6149,NA
6150,NA
6151,NA
6152,NA
6153,NA
6154,NA
6155,NA
6156,NA
6157,NA
6158,NA
6159,NA
6160,NA
6161,NA
6162,NA
6163,NA
6164,NA
6165,NA
6166,NA
6167,NA
6168,NA
6169,NA
6170,NA
6171,NA
6172,NA
6173,NA
6174,NA
6175,NA
6176,NA
6177,NA
6178,NA
6179,NA
6180,NA
6181,NA
6182,NA
6183,NA
6184,NA
6185,NA
6186,NA
6187,NA
6188,NA
6189,NA
6190,NA
6191,NA
6192,NA
6193,NA
6194,NA
6195,NA
6196,NA
6197,NA
6198,NA
6199,NA
6200,NA
6201,NA
6202,NA
6203,NA
6204,NA
6205,NA
6206,NA
6207,NA
6208,NA
6209,NA
6210,NA
6211,NA
6212,NA
6213,NA
6214,NA
6215,NA
6216,NA
6217,NA
6218,NA
6219,NA
6220,NA
6221,NA
6222,NA
6223,NA
6224,NA
6225,NA
6226,NA
6227,NA
6228,NA
6229,NA
6230,NA
6231,NA
6232,NA
6233,NA
6234,NA
6235,NA
6236,NA
6237,NA
6238,NA
6239,NA
6240,NA
6241,NA
6242,NA
6243,NA
6244,NA
6245,NA
6246,NA
6247,NA
6248,NA
6249,NA
6250,NA
6251,NA
6252,NA
6253,NA
6254,NA
6255,NA
6256,NA
6257,NA
6258,NA
6259,NA
6260,NA
6261,NA
6262,NA
6263,NA
6264,NA
6265,NA
6266,NA
6267,NA
6268,NA
6269,NA
6270,NA
6271,NA
6272,NA
6273,NA
6274,NA
6275,NA
6276,NA
6277,NA
6278,NA
6279,NA
6280,NA
6281,NA
6282,NA
6283,NA
6284,NA
6285,NA
6286,NA
6287,NA
6288,NA
6289,NA
6290,NA
6291,NA
6292,NA
6293,NA
6294,NA
6295,NA
6296,NA
6297,NA
6298,NA
6299,NA
6300,NA
6301,413
6302,145
6303,274
6304,112
6305,65
6306,606
6307,86
6308,70
6309,84
6310,152
6311,120
6312,573
6313,10337
6314,561
6315,10
6316,318
6317,362
6318,37
6319,55
6320,42
6321,16
6322,102
6323,231
6324,186
6325,68
6326,188
6327,54
6328,1
6329,20
6330,60
6331,604
6332,15
6333,18
6334,12
6335,2
6336,1
6337,2
6338,5
6339,5
6340,34
6341,7
6342,4
6343,1
6344,15
6345,NA
6346,NA
6347,NA
6348,4
6349,4
6350,NA
6351,1
6352,1
6353,12
6354,1
6355,4
6356,1
6357,3
6358,1
6359,NA
6360,8
6361,2
6362,NA
6363,2
6364,2
6365,NA
6366,1
6367,NA
6368,1
6369,NA
6370,NA
6371,NA
6372,NA
6373,NA
6374,NA
6375,NA
6376,NA
6377,NA
6378,NA
6379,NA
6380,NA
6381,NA
6382,NA
6383,NA
6384,NA
6385,NA
6386,NA
6387,NA
6388,NA
6389,NA
6390,NA
6391,NA
6392,NA
6393,NA
6394,NA
6395,NA
6396,NA
6397,NA
6398,NA
6399,NA
6400,NA
6401,NA
6402,NA
6403,NA
6404,NA
6405,NA
6406,NA
6407,NA
6408,NA
6409,NA
6410,NA
6411,NA
6412,NA
6413,NA
6414,NA
6415,NA
6416,NA
6417,NA
6418,NA
6419,NA
6420,NA
6421,NA
6422,NA
6423,NA
6424,NA
6425,NA
6426,NA
6427,NA
6428,NA
6429,NA
6430,NA
6431,NA
6432,NA
6433,NA
6434,NA
6435,NA
6436,NA
6437,NA
6438,NA
6439,NA
6440,NA
6441,NA
6442,NA
6443,NA
6444,NA
6445,NA
6446,NA
6447,NA
6448,NA
6449,NA
6450,NA
6451,NA
6452,NA
6453,NA
6454,NA
6455,NA
6456,NA
6457,NA
6458,NA
6459,NA
6460,NA
6461,NA
6462,NA
6463,NA
6464,NA
6465,NA
6466,NA
6467,NA
6468,NA
6469,NA
6470,NA
6471,NA
6472,NA
6473,NA
6474,NA
6475,NA
6476,NA
6477,NA
6478,NA
6479,NA
6480,NA
6481,NA
6482,NA
6483,NA
6484,NA
6485,NA
6486,NA
6487,NA
6488,NA
6489,NA
6490,NA
6491,NA
6492,NA
6493,NA
6494,NA
6495,NA
6496,NA
6497,NA
6498,NA
6499,NA
6500,NA
6501,NA
6502,NA
6503,NA
6504,NA
6505,NA
6506,NA
6507,NA
6508,NA
6509,NA
6510,NA
6511,NA
6512,NA
6513,NA
6514,NA
6515,NA
6516,NA
6517,NA
6518,NA
6519,NA
6520,NA
6521,NA
6522,NA
6523,NA
6524,NA
6525,NA
6526,474
6527,153
6528,299
6529,126
6530,71
6531,642
6532,90
6533,72
6534,86
6535,169
6536,136
6537,637
6538,11788
6539,634
6540,16
6541,356
6542,433
6543,43
6544,59
6545,44
6546,16
6547,118
6548,254
6549,199
6550,76
6551,217
6552,59
6553,1
6554,22
6555,79
6556,633
6557,15
6558,18
6559,16
6560,2
6561,1
6562,2
6563,6
6564,6
6565,34
6566,7
6567,4
6568,1
6569,15
6570,NA
6571,NA
6572,NA
6573,4
6574,4
6575,NA
6576,1
6577,1
6578,12
6579,1
6580,4
6581,1
6582,3
6583,1
6584,NA
6585,8
6586,2
6587,NA
6588,2
6589,2
6590,NA
6591,1
6592,NA
6593,1
6594,NA
6595,NA
6596,NA
6597,NA
6598,NA
6599,NA
6600,NA
6601,NA
6602,NA
6603,NA
6604,NA
6605,NA
6606,NA
6607,NA
6608,NA
6609,NA
6610,NA
6611,NA
6612,NA
6613,NA
6614,NA
6615,NA
6616,NA
6617,NA
6618,NA
6619,NA
6620,NA
6621,NA
6622,NA
6623,NA
6624,NA
6625,NA
6626,NA
6627,NA
6628,NA
6629,NA
6630,NA
6631,NA
6632,NA
6633,NA
6634,NA
6635,NA
6636,NA
6637,NA
6638,NA
6639,NA
6640,NA
6641,NA
6642,NA
6643,NA
6644,NA
6645,NA
6646,NA
6647,NA
6648,NA
6649,NA
6650,NA
6651,NA
6652,NA
6653,NA
6654,NA
6655,NA
6656,NA
6657,NA
6658,NA
6659,NA
6660,NA
6661,NA
6662,NA
6663,NA
6664,NA
6665,NA
6666,NA
6667,NA
6668,NA
6669,NA
6670,NA
6671,NA
6672,NA
6673,NA
6674,NA
6675,NA
6676,NA
6677,NA
6678,NA
6679,NA
6680,NA
6681,NA
6682,NA
6683,NA
6684,NA
6685,NA
6686,NA
6687,NA
6688,NA
6689,NA
6690,NA
6691,NA
6692,NA
6693,NA
6694,NA
6695,NA
6696,NA
6697,NA
6698,NA
6699,NA
6700,NA
6701,NA
6702,NA
6703,NA
6704,NA
6705,NA
6706,NA
6707,NA
6708,NA
6709,NA
6710,NA
6711,NA
6712,NA
6713,NA
6714,NA
6715,NA
6716,NA
6717,NA
6718,NA
6719,NA
6720,NA
6721,NA
6722,NA
6723,NA
6724,NA
6725,NA
6726,NA
6727,NA
6728,NA
6729,NA
6730,NA
6731,NA
6732,NA
6733,NA
6734,NA
6735,NA
6736,NA
6737,NA
6738,NA
6739,NA
6740,NA
6741,NA
6742,NA
6743,NA
6744,NA
6745,NA
6746,NA
6747,NA
6748,NA
6749,NA
6750,NA
6751,539
6752,169
6753,316
6754,149
6755,76
6756,690
6757,97
6758,77
6759,95
6760,184
6761,175
6762,736
6763,11881
6764,661
6765,17
6766,373
6767,489
6768,45
6769,61
6770,48
6771,18
6772,134
6773,281
6774,211
6775,78
6776,231
6777,62
6778,1
6779,24
6780,96
6781,679
6782,17
6783,22
6784,16
6785,2
6786,1
6787,2
6788,6
6789,5
6790,37
6791,14
6792,4
6793,1
6794,15
6795,2
6796,NA
6797,NA
6798,4
6799,4
6800,1
6801,1
6802,1
6803,14
6804,1
6805,4
6806,1
6807,3
6808,1
6809,NA
6810,8
6811,2
6812,NA
6813,2
6814,2
6815,NA
6816,1
6817,NA
6818,1
6819,1
6820,NA
6821,NA
6822,NA
6823,NA
6824,NA
6825,NA
6826,NA
6827,NA
6828,NA
6829,NA
6830,NA
6831,NA
6832,NA
6833,NA
6834,NA
6835,NA
6836,NA
6837,NA
6838,NA
6839,NA
6840,NA
6841,NA
6842,NA
6843,NA
6844,NA
6845,NA
6846,NA
6847,NA
6848,NA
6849,NA
6850,NA
6851,NA
6852,NA
6853,NA
6854,NA
6855,NA
6856,NA
6857,NA
6858,NA
6859,NA
6860,NA
6861,NA
6862,NA
6863,NA
6864,NA
6865,NA
6866,NA
6867,NA
6868,NA
6869,NA
6870,NA
6871,NA
6872,NA
6873,NA
6874,NA
6875,NA
6876,NA
6877,NA
6878,NA
6879,NA
6880,NA
6881,NA
6882,NA
6883,NA
6884,NA
6885,NA
6886,NA
6887,NA
6888,NA
6889,NA
6890,NA
6891,NA
6892,NA
6893,NA
6894,NA
6895,NA
6896,NA
6897,NA
6898,NA
6899,NA
6900,NA
6901,NA
6902,NA
6903,NA
6904,NA
6905,NA
6906,NA
6907,NA
6908,NA
6909,NA
6910,NA
6911,NA
6912,NA
6913,NA
6914,NA
6915,NA
6916,NA
6917,NA
6918,NA
6919,NA
6920,NA
6921,NA
6922,NA
6923,NA
6924,NA
6925,NA
6926,NA
6927,NA
6928,NA
6929,NA
6930,NA
6931,NA
6932,NA
6933,NA
6934,NA
6935,NA
6936,NA
6937,NA
6938,NA
6939,NA
6940,NA
6941,NA
6942,NA
6943,NA
6944,NA
6945,1
6946,NA
6947,NA
6948,NA
6949,NA
6950,NA
6951,NA
6952,NA
6953,NA
6954,NA
6955,NA
6956,NA
6957,NA
6958,NA
6959,NA
6960,NA
6961,NA
6962,NA
6963,NA
6964,NA
6965,NA
6966,NA
6967,NA
6968,NA
6969,NA
6970,NA
6971,NA
6972,NA
6973,NA
6974,NA
6975,NA
6976,597
6977,178
6978,328
6979,162
6980,76
6981,728
6982,104
6983,90
6984,104
6985,203
6986,204
6987,830
6988,15299
6989,692
6990,26
6991,401
6992,555
6993,52
6994,66
6995,48
6996,18
6997,149
6998,302
6999,227
7000,81
7001,250
7002,65
7003,1
7004,25
7005,107
7006,719
7007,17
7008,22
7009,16
7010,2
7011,1
7012,2
7013,6
7014,6
7015,37
7016,14
7017,4
7018,1
7019,15
7020,2
7021,NA
7022,NA
7023,4
7024,4
7025,1
7026,1
7027,1
7028,14
7029,1
7030,4
7031,1
7032,3
7033,1
7034,1
7035,8
7036,2
7037,NA
7038,2
7039,2
7040,NA
7041,1
7042,NA
7043,1
7044,1
7045,NA
7046,NA
7047,NA
7048,NA
7049,NA
7050,NA
7051,NA
7052,NA
7053,NA
7054,NA
7055,NA
7056,NA
7057,NA
7058,NA
7059,NA
7060,NA
7061,NA
7062,NA
7063,NA
7064,NA
7065,NA
7066,NA
7067,NA
7068,NA
7069,NA
7070,NA
7071,NA
7072,NA
7073,NA
7074,NA
7075,NA
7076,NA
7077,NA
7078,NA
7079,NA
7080,NA
7081,NA
7082,NA
7083,NA
7084,NA
7085,NA
7086,NA
7087,NA
7088,NA
7089,NA
7090,NA
7091,NA
7092,NA
7093,NA
7094,NA
7095,NA
7096,NA
7097,NA
7098,NA
7099,NA
7100,NA
7101,NA
7102,NA
7103,NA
7104,NA
7105,NA
7106,NA
7107,NA
7108,NA
7109,NA
7110,NA
7111,NA
7112,NA
7113,NA
7114,NA
7115,NA
7116,NA
7117,NA
7118,NA
7119,NA
7120,NA
7121,NA
7122,NA
7123,NA
7124,NA
7125,NA
7126,NA
7127,NA
7128,NA
7129,NA
7130,NA
7131,NA
7132,NA
7133,NA
7134,NA
7135,NA
7136,NA
7137,NA
7138,NA
7139,NA
7140,NA
7141,NA
7142,NA
7143,NA
7144,NA
7145,NA
7146,NA
7147,NA
7148,NA
7149,NA
7150,NA
7151,NA
7152,NA
7153,NA
7154,NA
7155,NA
7156,NA
7157,NA
7158,NA
7159,NA
7160,NA
7161,NA
7162,NA
7163,NA
7164,NA
7165,NA
7166,NA
7167,NA
7168,NA
7169,NA
7170,1
7171,NA
7172,NA
7173,NA
7174,NA
7175,NA
7176,NA
7177,NA
7178,NA
7179,NA
7180,NA
7181,NA
7182,NA
7183,NA
7184,NA
7185,NA
7186,NA
7187,NA
7188,NA
7189,NA
7190,NA
7191,NA
7192,NA
7193,NA
7194,NA
7195,NA
7196,NA
7197,NA
7198,NA
7199,NA
7200,NA
7201,637
7202,189
7203,335
7204,170
7205,78
7206,755
7207,106
7208,102
7209,106
7210,219
7211,222
7212,868
7213,15343
7214,714
7215,27
7216,418
7217,613
7218,54
7219,73
7220,56
7221,18
7222,163
7223,321
7224,249
7225,88
7226,261
7227,81
7228,1
7229,28
7230,115
7231,760
7232,21
7233,22
7234,18
7235,2
7236,1
7237,2
7238,6
7239,11
7240,51
7241,14
7242,4
7243,1
7244,15
7245,2
7246,NA
7247,NA
7248,4
7249,4
7250,1
7251,1
7252,1
7253,14
7254,1
7255,4
7256,1
7257,3
7258,1
7259,2
7260,8
7261,2
7262,NA
7263,2
7264,2
7265,NA
7266,1
7267,NA
7268,NA
7269,1
7270,NA
7271,NA
7272,NA
7273,NA
7274,NA
7275,NA
7276,NA
7277,NA
7278,NA
7279,NA
7280,NA
7281,NA
7282,NA
7283,NA
7284,NA
7285,NA
7286,NA
7287,NA
7288,NA
7289,NA
7290,NA
7291,NA
7292,NA
7293,NA
7294,NA
7295,NA
7296,NA
7297,NA
7298,NA
7299,NA
7300,NA
7301,NA
7302,NA
7303,NA
7304,NA
7305,NA
7306,NA
7307,NA
7308,NA
7309,NA
7310,NA
7311,NA
7312,NA
7313,NA
7314,NA
7315,NA
7316,NA
7317,NA
7318,NA
7319,NA
7320,NA
7321,NA
7322,NA
7323,NA
7324,NA
7325,NA
7326,NA
7327,NA
7328,NA
7329,NA
7330,NA
7331,NA
7332,NA
7333,NA
7334,NA
7335,NA
7336,NA
7337,NA
7338,NA
7339,NA
7340,NA
7341,NA
7342,NA
7343,NA
7344,NA
7345,NA
7346,NA
7347,NA
7348,NA
7349,NA
7350,NA
7351,NA
7352,NA
7353,NA
7354,NA
7355,NA
7356,NA
7357,NA
7358,NA
7359,NA
7360,NA
7361,NA
7362,NA
7363,NA
7364,NA
7365,NA
7366,NA
7367,NA
7368,NA
7369,NA
7370,NA
7371,NA
7372,NA
7373,NA
7374,NA
7375,NA
7376,NA
7377,NA
7378,NA
7379,NA
7380,NA
7381,NA
7382,NA
7383,NA
7384,NA
7385,NA
7386,NA
7387,NA
7388,NA
7389,NA
7390,NA
7391,NA
7392,NA
7393,NA
7394,NA
7395,1
7396,NA
7397,NA
7398,NA
7399,NA
7400,NA
7401,NA
7402,NA
7403,NA
7404,NA
7405,NA
7406,NA
7407,NA
7408,NA
7409,NA
7410,NA
7411,NA
7412,NA
7413,NA
7414,NA
7415,NA
7416,NA
7417,NA
7418,NA
7419,NA
7420,NA
7421,NA
7422,NA
7423,NA
7424,NA
7425,NA
7426,663
7427,198
7428,349
7429,183
7430,80
7431,786
7432,112
7433,102
7434,116
7435,234
7436,227
7437,943
7438,16748
7439,731
7440,34
7441,452
7442,645
7443,60
7444,80
7445,58
7446,18
7447,173
7448,343
7449,261
7450,94
7451,276
7452,87
7453,1
7454,30
7455,124
7456,782
7457,21
7458,22
7459,18
7460,5
7461,1
7462,2
7463,6
7464,19
7465,51
7466,14
7467,4
7468,1
7469,18
7470,2
7471,NA
7472,NA
7473,4
7474,4
7475,1
7476,1
7477,1
7478,14
7479,1
7480,4
7481,1
7482,3
7483,1
7484,1
7485,8
7486,2
7487,NA
7488,2
7489,2
7490,NA
7491,1
7492,NA
7493,NA
7494,1
7495,NA
7496,NA
7497,NA
7498,NA
7499,NA
7500,NA
7501,NA
7502,NA
7503,NA
7504,NA
7505,NA
7506,NA
7507,NA
7508,NA
7509,NA
7510,NA
7511,NA
7512,NA
7513,NA
7514,NA
7515,NA
7516,NA
7517,NA
7518,NA
7519,NA
7520,NA
7521,NA
7522,NA
7523,NA
7524,NA
7525,NA
7526,NA
7527,NA
7528,NA
7529,NA
7530,NA
7531,NA
7532,NA
7533,NA
7534,NA
7535,NA
7536,NA
7537,NA
7538,NA
7539,NA
7540,NA
7541,NA
7542,NA
7543,NA
7544,NA
7545,NA
7546,NA
7547,NA
7548,NA
7549,NA
7550,NA
7551,NA
7552,NA
7553,NA
7554,NA
7555,NA
7556,NA
7557,NA
7558,NA
7559,NA
7560,NA
7561,NA
7562,NA
7563,NA
7564,NA
7565,NA
7566,NA
7567,NA
7568,NA
7569,NA
7570,NA
7571,NA
7572,NA
7573,NA
7574,NA
7575,NA
7576,NA
7577,NA
7578,NA
7579,NA
7580,NA
7581,NA
7582,NA
7583,NA
7584,NA
7585,NA
7586,NA
7587,NA
7588,NA
7589,NA
7590,NA
7591,NA
7592,NA
7593,NA
7594,NA
7595,NA
7596,NA
7597,NA
7598,NA
7599,NA
7600,NA
7601,NA
7602,NA
7603,NA
7604,NA
7605,NA
7606,NA
7607,NA
7608,NA
7609,NA
7610,NA
7611,NA
7612,NA
7613,NA
7614,NA
7615,NA
7616,NA
7617,NA
7618,NA
7619,NA
7620,1
7621,NA
7622,NA
7623,NA
7624,NA
7625,NA
7626,NA
7627,NA
7628,NA
7629,NA
7630,NA
7631,NA
7632,NA
7633,NA
7634,NA
7635,NA
7636,NA
7637,NA
7638,NA
7639,NA
7640,NA
7641,NA
7642,NA
7643,NA
7644,NA
7645,NA
7646,NA
7647,NA
7648,NA
7649,NA
7650,NA
7651,712
7652,215
7653,372
7654,199
7655,80
7656,822
7657,134
7658,104
7659,124
7660,248
7661,243
7662,1002
7663,18971
7664,768
7665,35
7666,458
7667,683
7668,63
7669,83
7670,61
7671,18
7672,186
7673,355
7674,268
7675,98
7676,289
7677,91
7678,1
7679,30
7680,129
7681,808
7682,22
7683,22
7684,22
7685,5
7686,1
7687,2
7688,7
7689,19
7690,53
7691,16
7692,11
7693,1
7694,18
7695,2
7696,NA
7697,NA
7698,4
7699,4
7700,1
7701,1
7702,1
7703,14
7704,1
7705,4
7706,1
7707,3
7708,1
7709,1
7710,8
7711,2
7712,NA
7713,2
7714,2
7715,NA
7716,1
7717,NA
7718,NA
7719,1
7720,NA
7721,NA
7722,NA
7723,NA
7724,NA
7725,NA
7726,NA
7727,NA
7728,NA
7729,NA
7730,NA
7731,NA
7732,NA
7733,NA
7734,NA
7735,NA
7736,NA
7737,NA
7738,NA
7739,NA
7740,NA
7741,NA
7742,NA
7743,NA
7744,NA
7745,NA
7746,NA
7747,NA
7748,NA
7749,NA
7750,NA
7751,NA
7752,NA
7753,NA
7754,NA
7755,NA
7756,NA
7757,NA
7758,NA
7759,NA
7760,NA
7761,NA
7762,NA
7763,NA
7764,NA
7765,NA
7766,NA
7767,NA
7768,NA
7769,NA
7770,NA
7771,NA
7772,NA
7773,NA
7774,NA
7775,NA
7776,NA
7777,NA
7778,NA
7779,NA
7780,NA
7781,NA
7782,NA
7783,NA
7784,NA
7785,NA
7786,NA
7787,NA
7788,NA
7789,NA
7790,NA
7791,1
7792,NA
7793,NA
7794,NA
7795,NA
7796,NA
7797,NA
7798,NA
7799,NA
7800,NA
7801,NA
7802,NA
7803,NA
7804,NA
7805,NA
7806,NA
7807,NA
7808,NA
7809,NA
7810,NA
7811,NA
7812,NA
7813,NA
7814,NA
7815,NA
7816,NA
7817,NA
7818,NA
7819,NA
7820,NA
7821,NA
7822,NA
7823,NA
7824,NA
7825,NA
7826,NA
7827,NA
7828,NA
7829,NA
7830,NA
7831,NA
7832,NA
7833,NA
7834,NA
7835,NA
7836,NA
7837,NA
7838,NA
7839,NA
7840,NA
7841,NA
7842,NA
7843,NA
7844,NA
7845,1
7846,NA
7847,NA
7848,NA
7849,NA
7850,NA
7851,NA
7852,NA
7853,NA
7854,NA
7855,NA
7856,NA
7857,NA
7858,NA
7859,NA
7860,NA
7861,NA
7862,NA
7863,NA
7864,NA
7865,NA
7866,NA
7867,NA
7868,NA
7869,NA
7870,NA
7871,NA
7872,NA
7873,NA
7874,NA
7875,NA
7876,744
7877,235
7878,384
7879,218
7880,81
7881,851
7882,147
7883,104
7884,129
7885,261
7886,249
7887,1033
7888,20969
7889,783
7890,38
7891,478
7892,719
7893,65
7894,88
7895,65
7896,18
7897,192
7898,377
7899,272
7900,104
7901,307
7902,96
7903,1
7904,34
7905,144
7906,867
7907,22
7908,22
7909,22
7910,5
7911,1
7912,2
7913,7
7914,24
7915,62
7916,16
7917,11
7918,1
7919,18
7920,2
7921,NA
7922,NA
7923,4
7924,4
7925,1
7926,1
7927,1
7928,15
7929,1
7930,4
7931,1
7932,3
7933,1
7934,3
7935,8
7936,2
7937,NA
7938,2
7939,2
7940,NA
7941,1
7942,NA
7943,10
7944,1
7945,NA
7946,NA
7947,49
7948,NA
7949,NA
7950,NA
7951,NA
7952,NA
7953,NA
7954,NA
7955,NA
7956,NA
7957,NA
7958,NA
7959,NA
7960,NA
7961,NA
7962,NA
7963,NA
7964,NA
7965,NA
7966,NA
7967,NA
7968,NA
7969,NA
7970,NA
7971,NA
7972,NA
7973,NA
7974,NA
7975,NA
7976,NA
7977,NA
7978,NA
7979,NA
7980,NA
7981,NA
7982,NA
7983,NA
7984,NA
7985,NA
7986,NA
7987,NA
7988,NA
7989,NA
7990,NA
7991,NA
7992,NA
7993,NA
7994,NA
7995,NA
7996,NA
7997,NA
7998,NA
7999,NA
8000,NA
8001,NA
8002,NA
8003,NA
8004,NA
8005,NA
8006,NA
8007,NA
8008,NA
8009,NA
8010,NA
8011,NA
8012,NA
8013,NA
8014,NA
8015,NA
8016,1
8017,NA
8018,NA
8019,NA
8020,NA
8021,NA
8022,NA
8023,NA
8024,NA
8025,NA
8026,NA
8027,NA
8028,NA
8029,NA
8030,NA
8031,NA
8032,NA
8033,NA
8034,NA
8035,NA
8036,NA
8037,NA
8038,NA
8039,NA
8040,NA
8041,NA
8042,NA
8043,NA
8044,NA
8045,NA
8046,NA
8047,NA
8048,NA
8049,NA
8050,NA
8051,NA
8052,NA
8053,NA
8054,NA
8055,NA
8056,NA
8057,NA
8058,NA
8059,NA
8060,NA
8061,NA
8062,NA
8063,NA
8064,NA
8065,NA
8066,NA
8067,NA
8068,NA
8069,NA
8070,1
8071,NA
8072,NA
8073,NA
8074,NA
8075,NA
8076,NA
8077,NA
8078,NA
8079,NA
8080,NA
8081,NA
8082,NA
8083,NA
8084,NA
8085,NA
8086,NA
8087,NA
8088,NA
8089,NA
8090,NA
8091,NA
8092,NA
8093,NA
8094,NA
8095,NA
8096,NA
8097,NA
8098,NA
8099,NA
8100,NA
8101,792
8102,248
8103,401
8104,228
8105,81
8106,890
8107,161
8108,112
8109,131
8110,274
8111,270
8112,1068
8113,23383
8114,804
8115,43
8116,498
8117,754
8118,67
8119,93
8120,68
8121,18
8122,195
8123,387
8124,276
8125,107
8126,321
8127,102
8128,1
8129,43
8130,150
8131,932
8132,22
8133,22
8134,22
8135,5
8136,1
8137,2
8138,8
8139,24
8140,62
8141,16
8142,11
8143,1
8144,18
8145,2
8146,3
8147,NA
8148,4
8149,4
8150,1
8151,1
8152,1
8153,16
8154,1
8155,4
8156,1
8157,3
8158,1
8159,45
8160,8
8161,2
8162,NA
8163,2
8164,2
8165,NA
8166,1
8167,NA
8168,10
8169,1
8170,NA
8171,NA
8172,49
8173,NA
8174,NA
8175,NA
8176,NA
8177,NA
8178,NA
8179,NA
8180,NA
8181,NA
8182,NA
8183,NA
8184,NA
8185,NA
8186,NA
8187,NA
8188,NA
8189,NA
8190,1
8191,NA
8192,NA
8193,NA
8194,NA
8195,NA
8196,NA
8197,NA
8198,NA
8199,NA
8200,NA
8201,NA
8202,NA
8203,NA
8204,NA
8205,NA
8206,NA
8207,NA
8208,NA
8209,NA
8210,NA
8211,NA
8212,NA
8213,NA
8214,NA
8215,NA
8216,NA
8217,NA
8218,NA
8219,NA
8220,NA
8221,NA
8222,NA
8223,NA
8224,NA
8225,NA
8226,NA
8227,NA
8228,NA
8229,NA
8230,NA
8231,NA
8232,NA
8233,NA
8234,NA
8235,NA
8236,NA
8237,NA
8238,NA
8239,NA
8240,NA
8241,1
8242,NA
8243,NA
8244,NA
8245,NA
8246,NA
8247,NA
8248,NA
8249,NA
8250,NA
8251,NA
8252,NA
8253,NA
8254,NA
8255,NA
8256,NA
8257,NA
8258,NA
8259,NA
8260,NA
8261,NA
8262,NA
8263,NA
8264,NA
8265,NA
8266,NA
8267,NA
8268,NA
8269,NA
8270,NA
8271,NA
8272,NA
8273,NA
8274,NA
8275,NA
8276,NA
8277,NA
8278,NA
8279,NA
8280,NA
8281,NA
8282,NA
8283,NA
8284,NA
8285,NA
8286,NA
8287,NA
8288,NA
8289,NA
8290,NA
8291,NA
8292,NA
8293,NA
8294,NA
8295,1
8296,NA
8297,NA
8298,NA
8299,NA
8300,NA
8301,NA
8302,NA
8303,NA
8304,NA
8305,NA
8306,NA
8307,NA
8308,NA
8309,NA
8310,NA
8311,NA
8312,NA
8313,NA
8314,NA
8315,NA
8316,NA
8317,NA
8318,NA
8319,NA
8320,NA
8321,NA
8322,NA
8323,NA
8324,NA
8325,NA
8326,821
8327,257
8328,422
8329,235
8330,82
8331,935
8332,168
8333,112
8334,133
8335,277
8336,283
8337,1112
8338,26403
8339,830
8340,45
8341,515
8342,790
8343,73
8344,93
8345,68
8346,18
8347,199
8348,405
8349,279
8350,112
8351,338
8352,102
8353,1
8354,52
8355,156
8356,975
8357,28
8358,22
8359,22
8360,6
8361,1
8362,2
8363,8
8364,30
8365,62
8366,16
8367,11
8368,1
8369,18
8370,2
8371,3
8372,NA
8373,4
8374,4
8375,1
8376,1
8377,1
8378,16
8379,1
8380,5
8381,1
8382,3
8383,1
8384,46
8385,8
8386,2
8387,NA
8388,2
8389,2
8390,NA
8391,1
8392,NA
8393,10
8394,1
8395,NA
8396,1
8397,73
8398,NA
8399,NA
8400,NA
8401,NA
8402,NA
8403,NA
8404,NA
8405,NA
8406,NA
8407,NA
8408,NA
8409,NA
8410,NA
8411,NA
8412,NA
8413,NA
8414,NA
8415,1
8416,NA
8417,NA
8418,NA
8419,NA
8420,NA
8421,NA
8422,NA
8423,NA
8424,NA
8425,NA
8426,NA
8427,NA
8428,NA
8429,NA
8430,NA
8431,NA
8432,NA
8433,NA
8434,NA
8435,NA
8436,NA
8437,NA
8438,NA
8439,NA
8440,NA
8441,NA
8442,NA
8443,NA
8444,NA
8445,NA
8446,NA
8447,NA
8448,NA
8449,NA
8450,NA
8451,NA
8452,NA
8453,NA
8454,NA
8455,NA
8456,NA
8457,NA
8458,NA
8459,NA
8460,NA
8461,NA
8462,NA
8463,NA
8464,NA
8465,NA
8466,1
8467,NA
8468,NA
8469,NA
8470,NA
8471,NA
8472,NA
8473,NA
8474,NA
8475,NA
8476,NA
8477,NA
8478,NA
8479,NA
8480,NA
8481,NA
8482,NA
8483,NA
8484,NA
8485,NA
8486,NA
8487,NA
8488,NA
8489,NA
8490,NA
8491,NA
8492,NA
8493,NA
8494,NA
8495,1
8496,NA
8497,NA
8498,NA
8499,NA
8500,NA
8501,NA
8502,NA
8503,NA
8504,NA
8505,NA
8506,NA
8507,NA
8508,NA
8509,NA
8510,NA
8511,NA
8512,NA
8513,NA
8514,NA
8515,NA
8516,NA
8517,NA
8518,NA
8519,NA
8520,1
8521,NA
8522,NA
8523,NA
8524,NA
8525,NA
8526,NA
8527,NA
8528,NA
8529,NA
8530,NA
8531,NA
8532,NA
8533,NA
8534,NA
8535,NA
8536,NA
8537,NA
8538,NA
8539,NA
8540,NA
8541,NA
8542,NA
8543,NA
8544,NA
8545,NA
8546,NA
8547,NA
8548,NA
8549,NA
8550,NA
8551,868
8552,271
8553,438
8554,243
8555,82
8556,983
8557,176
8558,112
8559,148
8560,282
8561,301
8562,1170
8563,28993
8564,846
8565,49
8566,523
8567,811
8568,75
8569,96
8570,69
8571,18
8572,207
8573,421
8574,287
8575,114
8576,351
8577,109
8578,1
8579,62
8580,157
8581,1016
8582,28
8583,32
8584,27
8585,9
8586,1
8587,2
8588,8
8589,33
8590,72
8591,16
8592,12
8593,1
8594,18
8595,2
8596,3
8597,NA
8598,4
8599,4
8600,1
8601,1
8602,1
8603,16
8604,1
8605,5
8606,1
8607,3
8608,1
8609,46
8610,8
8611,2
8612,NA
8613,2
8614,2
8615,NA
8616,1
8617,NA
8618,10
8619,1
8620,NA
8621,1
8622,123
8623,NA
8624,NA
8625,NA
8626,NA
8627,NA
8628,NA
8629,NA
8630,NA
8631,NA
8632,1
8633,NA
8634,NA
8635,NA
8636,NA
8637,NA
8638,NA
8639,NA
8640,1
8641,NA
8642,NA
8643,NA
8644,NA
8645,NA
8646,NA
8647,NA
8648,NA
8649,NA
8650,NA
8651,NA
8652,NA
8653,NA
8654,NA
8655,NA
8656,NA
8657,NA
8658,NA
8659,NA
8660,NA
8661,NA
8662,NA
8663,NA
8664,NA
8665,NA
8666,NA
8667,NA
8668,NA
8669,NA
8670,NA
8671,NA
8672,NA
8673,NA
8674,NA
8675,NA
8676,NA
8677,NA
8678,NA
8679,NA
8680,NA
8681,NA
8682,NA
8683,NA
8684,NA
8685,NA
8686,NA
8687,NA
8688,NA
8689,NA
8690,NA
8691,1
8692,NA
8693,NA
8694,NA
8695,NA
8696,NA
8697,NA
8698,NA
8699,NA
8700,NA
8701,NA
8702,NA
8703,NA
8704,NA
8705,NA
8706,NA
8707,NA
8708,NA
8709,NA
8710,NA
8711,NA
8712,NA
8713,NA
8714,NA
8715,NA
8716,NA
8717,NA
8718,NA
8719,NA
8720,1
8721,NA
8722,NA
8723,NA
8724,NA
8725,NA
8726,NA
8727,NA
8728,NA
8729,NA
8730,NA
8731,NA
8732,NA
8733,NA
8734,NA
8735,NA
8736,NA
8737,NA
8738,NA
8739,NA
8740,NA
8741,NA
8742,NA
8743,NA
8744,NA
8745,1
8746,NA
8747,NA
8748,NA
8749,NA
8750,NA
8751,NA
8752,NA
8753,NA
8754,NA
8755,NA
8756,NA
8757,NA
8758,NA
8759,NA
8760,NA
8761,NA
8762,NA
8763,NA
8764,NA
8765,NA
8766,NA
8767,NA
8768,NA
8769,NA
8770,NA
8771,NA
8772,NA
8773,NA
8774,NA
8775,NA
8776,873
8777,276
8778,450
8779,247
8780,84
8781,1016
8782,181
8783,112
8784,149
8785,294
8786,342
8787,1198
8788,31536
8789,866
8790,52
8791,536
8792,831
8793,78
8794,103
8795,69
8796,18
8797,208
8798,443
8799,290
8800,116
8801,365
8802,111
8803,1
8804,64
8805,163
8806,1046
8807,28
8808,32
8809,30
8810,9
8811,1
8812,2
8813,8
8814,36
8815,72
8816,16
8817,12
8818,1
8819,18
8820,2
8821,3
8822,NA
8823,4
8824,4
8825,1
8826,1
8827,1
8828,16
8829,1
8830,5
8831,1
8832,3
8833,1
8834,83
8835,8
8836,2
8837,NA
8838,2
8839,2
8840,NA
8841,1
8842,NA
8843,10
8844,1
8845,NA
8846,1
8847,175
8848,NA
8849,NA
8850,NA
8851,NA
8852,NA
8853,NA
8854,NA
8855,NA
8856,NA
8857,1
8858,NA
8859,NA
8860,NA
8861,NA
8862,NA
8863,NA
8864,NA
8865,1
8866,NA
8867,NA
8868,NA
8869,NA
8870,NA
8871,NA
8872,NA
8873,NA
8874,NA
8875,NA
8876,NA
8877,NA
8878,NA
8879,NA
8880,NA
8881,NA
8882,NA
8883,NA
8884,NA
8885,NA
8886,NA
8887,NA
8888,NA
8889,NA
8890,NA
8891,NA
8892,NA
8893,NA
8894,NA
8895,NA
8896,NA
8897,NA
8898,NA
8899,NA
8900,NA
8901,NA
8902,NA
8903,NA
8904,NA
8905,NA
8906,NA
8907,NA
8908,NA
8909,NA
8910,NA
8911,NA
8912,NA
8913,NA
8914,NA
8915,NA
8916,1
8917,NA
8918,NA
8919,NA
8920,NA
8921,NA
8922,NA
8923,NA
8924,NA
8925,NA
8926,NA
8927,NA
8928,NA
8929,NA
8930,NA
8931,NA
8932,NA
8933,NA
8934,NA
8935,NA
8936,NA
8937,NA
8938,NA
8939,NA
8940,NA
8941,NA
8942,NA
8943,NA
8944,NA
8945,1
8946,NA
8947,NA
8948,NA
8949,NA
8950,NA
8951,NA
8952,NA
8953,NA
8954,NA
8955,NA
8956,NA
8957,NA
8958,NA
8959,NA
8960,NA
8961,NA
8962,NA
8963,NA
8964,NA
8965,NA
8966,NA
8967,NA
8968,NA
8969,NA
8970,1
8971,NA
8972,NA
8973,NA
8974,NA
8975,NA
8976,NA
8977,NA
8978,NA
8979,NA
8980,NA
8981,NA
8982,NA
8983,NA
8984,NA
8985,NA
8986,NA
8987,NA
8988,NA
8989,NA
8990,NA
8991,NA
8992,NA
8993,NA
8994,NA
8995,NA
8996,NA
8997,NA
8998,NA
8999,NA
9000,NA
9001,917
9002,282
9003,469
9004,255
9005,85
9006,1059
9007,192
9008,114
9009,151
9010,296
9011,356
9012,1205
9013,33934
9014,887
9015,54
9016,543
9017,850
9018,83
9019,103
9020,69
9021,18
9022,216
9023,460
9024,292
9025,119
9026,386
9027,111
9028,1
9029,66
9030,168
9031,1069
9032,31
9033,32
9034,30
9035,12
9036,1
9037,2
9038,8
9039,36
9040,78
9041,16
9042,12
9043,1
9044,18
9045,2
9046,3
9047,NA
9048,4
9049,4
9050,1
9051,1
9052,1
9053,16
9054,1
9055,5
9056,1
9057,3
9058,1
9059,149
9060,8
9061,2
9062,NA
9063,2
9064,2
9065,NA
9066,1
9067,NA
9068,10
9069,1
9070,NA
9071,1
9072,291
9073,NA
9074,NA
9075,NA
9076,NA
9077,NA
9078,NA
9079,NA
9080,NA
9081,NA
9082,1
9083,NA
9084,NA
9085,NA
9086,NA
9087,NA
9088,NA
9089,NA
9090,1
9091,NA
9092,NA
9093,NA
9094,NA
9095,NA
9096,NA
9097,NA
9098,NA
9099,NA
9100,NA
9101,NA
9102,NA
9103,NA
9104,NA
9105,NA
9106,NA
9107,NA
9108,NA
9109,NA
9110,NA
9111,NA
9112,NA
9113,NA
9114,NA
9115,NA
9116,NA
9117,NA
9118,NA
9119,NA
9120,NA
9121,NA
9122,NA
9123,NA
9124,NA
9125,NA
9126,NA
9127,NA
9128,NA
9129,NA
9130,NA
9131,NA
9132,NA
9133,NA
9134,NA
9135,NA
9136,NA
9137,NA
9138,NA
9139,NA
9140,NA
9141,1
9142,NA
9143,NA
9144,NA
9145,NA
9146,NA
9147,NA
9148,NA
9149,NA
9150,NA
9151,NA
9152,NA
9153,NA
9154,NA
9155,NA
9156,NA
9157,NA
9158,NA
9159,NA
9160,NA
9161,NA
9162,NA
9163,NA
9164,NA
9165,NA
9166,NA
9167,NA
9168,NA
9169,NA
9170,1
9171,NA
9172,NA
9173,NA
9174,NA
9175,NA
9176,NA
9177,NA
9178,NA
9179,NA
9180,NA
9181,NA
9182,NA
9183,NA
9184,NA
9185,NA
9186,NA
9187,NA
9188,NA
9189,NA
9190,NA
9191,NA
9192,NA
9193,NA
9194,NA
9195,1
9196,NA
9197,NA
9198,NA
9199,NA
9200,NA
9201,NA
9202,NA
9203,NA
9204,NA
9205,NA
9206,NA
9207,NA
9208,NA
9209,NA
9210,NA
9211,NA
9212,NA
9213,NA
9214,NA
9215,NA
9216,NA
9217,NA
9218,NA
9219,NA
9220,NA
9221,NA
9222,NA
9223,NA
9224,NA
9225,NA
9226,936
9227,288
9228,490
9229,260
9230,86
9231,1101
9232,202
9233,114
9234,155
9235,300
9236,366
9237,1231
9238,36208
9239,906
9240,59
9241,562
9242,870
9243,83
9244,106
9245,69
9246,18
9247,216
9248,511
9249,294
9250,124
9251,394
9252,124
9253,1
9254,68
9255,169
9256,1093
9257,31
9258,43
9259,30
9260,12
9261,1
9262,2
9263,9
9264,37
9265,78
9266,16
9267,12
9268,1
9269,22
9270,2
9271,3
9272,NA
9273,4
9274,4
9275,1
9276,1
9277,1
9278,16
9279,1
9280,5
9281,1
9282,3
9283,1
9284,160
9285,8
9286,2
9287,NA
9288,2
9289,2
9290,NA
9291,1
9292,1
9293,10
9294,1
9295,NA
9296,1
9297,291
9298,NA
9299,NA
9300,NA
9301,NA
9302,NA
9303,NA
9304,NA
9305,NA
9306,NA
9307,2
9308,NA
9309,NA
9310,NA
9311,NA
9312,NA
9313,2
9314,NA
9315,1
9316,NA
9317,NA
9318,NA
9319,NA
9320,NA
9321,NA
9322,NA
9323,NA
9324,NA
9325,NA
9326,NA
9327,NA
9328,NA
9329,NA
9330,NA
9331,1
9332,NA
9333,NA
9334,NA
9335,NA
9336,NA
9337,NA
9338,NA
9339,NA
9340,NA
9341,NA
9342,NA
9343,NA
9344,NA
9345,NA
9346,NA
9347,NA
9348,NA
9349,NA
9350,NA
9351,NA
9352,NA
9353,NA
9354,NA
9355,NA
9356,NA
9357,NA
9358,NA
9359,NA
9360,NA
9361,NA
9362,NA
9363,NA
9364,NA
9365,NA
9366,1
9367,NA
9368,NA
9369,NA
9370,NA
9371,NA
9372,NA
9373,NA
9374,NA
9375,NA
9376,NA
9377,NA
9378,NA
9379,NA
9380,NA
9381,NA
9382,NA
9383,NA
9384,NA
9385,NA
9386,NA
9387,NA
9388,NA
9389,NA
9390,NA
9391,NA
9392,NA
9393,NA
9394,NA
9395,1
9396,NA
9397,NA
9398,NA
9399,NA
9400,NA
9401,NA
9402,NA
9403,NA
9404,NA
9405,NA
9406,NA
9407,NA
9408,NA
9409,NA
9410,NA
9411,NA
9412,NA
9413,NA
9414,NA
9415,NA
9416,NA
9417,NA
9418,NA
9419,NA
9420,1
9421,NA
9422,NA
9423,NA
9424,NA
9425,NA
9426,NA
9427,NA
9428,NA
9429,NA
9430,NA
9431,NA
9432,NA
9433,NA
9434,NA
9435,NA
9436,NA
9437,NA
9438,NA
9439,NA
9440,NA
9441,NA
9442,NA
9443,NA
9444,NA
9445,NA
9446,NA
9447,NA
9448,NA
9449,NA
9450,NA
9451,956
9452,297
9453,502
9454,270
9455,87
9456,1133
9457,210
9458,114
9459,158
9460,301
9461,373
9462,1234
9463,38557
9464,916
9465,63
9466,577
9467,884
9468,86
9469,106
9470,69
9471,18
9472,223
9473,516
9474,298
9475,124
9476,406
9477,124
9478,1
9479,69
9480,169
9481,1114
9482,31
9483,43
9484,41
9485,12
9486,1
9487,2
9488,9
9489,37
9490,78
9491,16
9492,12
9493,1
9494,22
9495,2
9496,3
9497,NA
9498,4
9499,4
9500,1
9501,1
9502,1
9503,16
9504,1
9505,5
9506,1
9507,3
9508,1
9509,276
9510,8
9511,2
9512,NA
9513,2
9514,2
9515,NA
9516,1
9517,1
9518,10
9519,1
9520,NA
9521,1
9522,552
9523,NA
9524,NA
9525,NA
9526,NA
9527,1
9528,NA
9529,NA
9530,NA
9531,NA
9532,2
9533,NA
9534,NA
9535,NA
9536,NA
9537,NA
9538,3
9539,NA
9540,1
9541,NA
9542,NA
9543,NA
9544,NA
9545,NA
9546,NA
9547,1
9548,NA
9549,NA
9550,NA
9551,NA
9552,NA
9553,NA
9554,NA
9555,NA
9556,1
9557,NA
9558,NA
9559,NA
9560,NA
9561,NA
9562,NA
9563,NA
9564,NA
9565,NA
9566,NA
9567,NA
9568,NA
9569,NA
9570,NA
9571,NA
9572,NA
9573,NA
9574,NA
9575,NA
9576,NA
9577,NA
9578,NA
9579,NA
9580,NA
9581,NA
9582,NA
9583,NA
9584,NA
9585,NA
9586,NA
9587,NA
9588,NA
9589,NA
9590,NA
9591,1
9592,NA
9593,NA
9594,NA
9595,NA
9596,NA
9597,NA
9598,NA
9599,NA
9600,NA
9601,NA
9602,NA
9603,NA
9604,NA
9605,NA
9606,NA
9607,NA
9608,NA
9609,NA
9610,NA
9611,NA
9612,NA
9613,NA
9614,NA
9615,NA
9616,NA
9617,NA
9618,NA
9619,NA
9620,1
9621,NA
9622,NA
9623,NA
9624,NA
9625,NA
9626,NA
9627,NA
9628,NA
9629,NA
9630,NA
9631,NA
9632,NA
9633,NA
9634,NA
9635,NA
9636,NA
9637,NA
9638,NA
9639,NA
9640,NA
9641,NA
9642,NA
9643,NA
9644,NA
9645,1
9646,NA
9647,NA
9648,NA
9649,NA
9650,NA
9651,NA
9652,NA
9653,NA
9654,NA
9655,NA
9656,NA
9657,NA
9658,NA
9659,NA
9660,NA
9661,NA
9662,NA
9663,NA
9664,NA
9665,NA
9666,NA
9667,NA
9668,NA
9669,NA
9670,NA
9671,NA
9672,NA
9673,NA
9674,NA
9675,NA
9676,970
9677,297
9678,512
9679,277
9680,87
9681,1181
9682,214
9683,114
9684,158
9685,304
9686,379
9687,1239
9688,40592
9689,938
9690,65
9691,583
9692,901
9693,88
9694,106
9695,69
9696,18
9697,224
9698,578
9699,303
9700,126
9701,425
9702,128
9703,1
9704,70
9705,169
9706,1124
9707,31
9708,43
9709,41
9710,12
9711,1
9712,2
9713,9
9714,43
9715,78
9716,16
9717,12
9718,1
9719,22
9720,2
9721,3
9722,NA
9723,4
9724,7
9725,8
9726,1
9727,1
9728,16
9729,1
9730,5
9731,1
9732,3
9733,1
9734,414
9735,8
9736,2
9737,NA
9738,2
9739,2
9740,NA
9741,1
9742,1
9743,10
9744,1
9745,NA
9746,1
9747,739
9748,NA
9749,NA
9750,NA
9751,NA
9752,1
9753,NA
9754,NA
9755,NA
9756,NA
9757,2
9758,NA
9759,NA
9760,NA
9761,NA
9762,NA
9763,3
9764,NA
9765,1
9766,NA
9767,NA
9768,NA
9769,NA
9770,NA
9771,NA
9772,1
9773,NA
9774,NA
9775,NA
9776,NA
9777,NA
9778,NA
9779,NA
9780,NA
9781,1
9782,NA
9783,NA
9784,NA
9785,NA
9786,NA
9787,NA
9788,NA
9789,NA
9790,NA
9791,NA
9792,NA
9793,NA
9794,NA
9795,NA
9796,NA
9797,NA
9798,NA
9799,NA
9800,NA
9801,NA
9802,NA
9803,NA
9804,NA
9805,NA
9806,NA
9807,NA
9808,NA
9809,NA
9810,NA
9811,NA
9812,NA
9813,NA
9814,NA
9815,NA
9816,1
9817,NA
9818,NA
9819,NA
9820,NA
9821,NA
9822,NA
9823,NA
9824,NA
9825,NA
9826,NA
9827,NA
9828,NA
9829,NA
9830,NA
9831,NA
9832,NA
9833,NA
9834,NA
9835,NA
9836,NA
9837,NA
9838,NA
9839,NA
9840,NA
9841,NA
9842,NA
9843,NA
9844,NA
9845,1
9846,NA
9847,NA
9848,NA
9849,NA
9850,NA
9851,NA
9852,NA
9853,NA
9854,NA
9855,NA
9856,NA
9857,NA
9858,NA
9859,NA
9860,NA
9861,NA
9862,NA
9863,NA
9864,NA
9865,NA
9866,NA
9867,NA
9868,NA
9869,NA
9870,1
9871,NA
9872,NA
9873,NA
9874,NA
9875,NA
9876,NA
9877,NA
9878,NA
9879,NA
9880,NA
9881,NA
9882,NA
9883,NA
9884,NA
9885,NA
9886,NA
9887,NA
9888,NA
9889,NA
9890,NA
9891,NA
9892,NA
9893,NA
9894,NA
9895,NA
9896,NA
9897,NA
9898,NA
9899,NA
9900,NA
9901,979
9902,299
9903,513
9904,284
9905,87
9906,1216
9907,217
9908,114
9909,158
9910,305
9911,396
9912,1244
9913,42033
9914,955
9915,65
9916,594
9917,909
9918,90
9919,106
9920,71
9921,18
9922,226
9923,618
9924,306
9925,126
9926,442
9927,128
9928,1
9929,71
9930,170
9931,1147
9932,31
9933,46
9934,135
9935,12
9936,1
9937,2
9938,10
9939,46
9940,78
9941,16
9942,12
9943,1
9944,22
9945,2
9946,3
9947,NA
9948,4
9949,7
9950,8
9951,1
9952,1
9953,17
9954,1
9955,5
9956,1
9957,3
9958,1
9959,523
9960,8
9961,2
9962,NA
9963,2
9964,2
9965,NA
9966,1
9967,1
9968,40
9969,1
9970,NA
9971,1
9972,913
9973,NA
9974,NA
9975,NA
9976,NA
9977,1
9978,NA
9979,NA
9980,NA
9981,NA
9982,2
9983,NA
9984,4
9985,NA
9986,NA
9987,NA
9988,3
9989,NA
9990,2
9991,NA
9992,NA
9993,NA
9994,NA
9995,NA
9996,NA
9997,1
9998,1
9999,NA
10000,NA
10001,NA
10002,NA
10003,NA
10004,NA
10005,NA
10006,1
10007,NA
10008,NA
10009,NA
10010,NA
10011,NA
10012,NA
10013,NA
10014,NA
10015,NA
10016,NA
10017,NA
10018,NA
10019,NA
10020,NA
10021,NA
10022,NA
10023,NA
10024,NA
10025,NA
10026,NA
10027,NA
10028,NA
10029,NA
10030,NA
10031,NA
10032,NA
10033,NA
10034,NA
10035,NA
10036,NA
10037,NA
10038,NA
10039,NA
10040,NA
10041,1
10042,NA
10043,NA
10044,NA
10045,NA
10046,NA
10047,NA
10048,NA
10049,NA
10050,NA
10051,NA
10052,NA
10053,NA
10054,NA
10055,NA
10056,NA
10057,NA
10058,NA
10059,NA
10060,NA
10061,NA
10062,NA
10063,NA
10064,NA
10065,NA
10066,NA
10067,NA
10068,NA
10069,NA
10070,1
10071,NA
10072,NA
10073,NA
10074,NA
10075,NA
10076,NA
10077,NA
10078,NA
10079,NA
10080,NA
10081,NA
10082,NA
10083,NA
10084,NA
10085,NA
10086,NA
10087,NA
10088,NA
10089,NA
10090,NA
10091,NA
10092,NA
10093,NA
10094,NA
10095,1
10096,NA
10097,NA
10098,NA
10099,NA
10100,NA
10101,NA
10102,NA
10103,NA
10104,NA
10105,NA
10106,NA
10107,NA
10108,NA
10109,NA
10110,NA
10111,NA
10112,NA
10113,NA
10114,NA
10115,NA
10116,NA
10117,NA
10118,NA
10119,NA
10120,NA
10121,NA
10122,NA
10123,NA
10124,NA
10125,NA
10126,979
10127,303
10128,526
10129,295
10130,87
10131,1237
10132,218
10133,115
10134,158
10135,307
10136,403
10137,1244
10138,43500
10139,960
10140,67
10141,606
10142,916
10143,90
10144,107
10145,71
10146,18
10147,226
10148,627
10149,313
10150,126
10151,454
10152,128
10153,1
10154,72
10155,170
10156,1154
10157,31
10158,76
10159,135
10160,12
10161,1
10162,2
10163,10
10164,51
10165,78
10166,16
10167,12
10168,1
10169,23
10170,3
10171,4
10172,NA
10173,4
10174,7
10175,8
10176,1
10177,1
10178,18
10179,1
10180,7
10181,1
10182,3
10183,1
10184,589
10185,18
10186,2
10187,NA
10188,30
10189,2
10190,NA
10191,1
10192,1
10193,40
10194,1
10195,NA
10196,1
10197,1669
10198,NA
10199,NA
10200,NA
10201,NA
10202,1
10203,NA
10204,NA
10205,NA
10206,NA
10207,2
10208,NA
10209,4
10210,NA
10211,NA
10212,NA
10213,3
10214,NA
10215,2
10216,NA
10217,NA
10218,NA
10219,NA
10220,NA
10221,NA
10222,3
10223,1
10224,NA
10225,NA
10226,NA
10227,NA
10228,NA
10229,NA
10230,NA
10231,1
10232,NA
10233,NA
10234,NA
10235,NA
10236,NA
10237,NA
10238,NA
10239,NA
10240,NA
10241,NA
10242,NA
10243,NA
10244,NA
10245,NA
10246,NA
10247,NA
10248,NA
10249,NA
10250,NA
10251,NA
10252,NA
10253,NA
10254,NA
10255,NA
10256,NA
10257,NA
10258,NA
10259,NA
10260,NA
10261,NA
10262,NA
10263,NA
10264,NA
10265,NA
10266,1
10267,NA
10268,NA
10269,NA
10270,NA
10271,NA
10272,NA
10273,NA
10274,NA
10275,NA
10276,NA
10277,NA
10278,NA
10279,NA
10280,NA
10281,NA
10282,NA
10283,NA
10284,NA
10285,NA
10286,NA
10287,NA
10288,NA
10289,NA
10290,NA
10291,NA
10292,NA
10293,NA
10294,NA
10295,1
10296,NA
10297,NA
10298,NA
10299,NA
10300,NA
10301,NA
10302,NA
10303,NA
10304,NA
10305,NA
10306,NA
10307,NA
10308,NA
10309,NA
10310,NA
10311,NA
10312,NA
10313,NA
10314,NA
10315,NA
10316,NA
10317,NA
10318,NA
10319,NA
10320,1
10321,NA
10322,NA
10323,NA
10324,NA
10325,NA
10326,NA
10327,NA
10328,NA
10329,NA
10330,NA
10331,NA
10332,NA
10333,NA
10334,NA
10335,NA
10336,NA
10337,NA
10338,NA
10339,NA
10340,NA
10341,NA
10342,NA
10343,NA
10344,NA
10345,NA
10346,NA
10347,NA
10348,NA
10349,NA
10350,NA
